265221,1,350
26515L,1,210
2125023101,1,260
265581,1,320
2126030201,1,560
265222,1,670
26516K,1,370
26534F,1,630
265226,1,380
458196,1,340
265A29,1,640
265223,1,220
4122041101,1,630
2125040101,1,240
265225,1,460
2115020691,1,630
2112030601,1,430
265224,1,250
284196,1,370
2915010004,1,530
265228,1,210
2112020601,1,530
2115031091,1,550
265528,1,540
26548J,1,440
213006,1,360
265229,1,650
2132020101,1,540
267012,1,580
265529,1,450
2136011602,1,400
265227,1,570
267126,1,220
284344,1,490
265527,1,680
4916040010,1,260
26524I,1,660
2112030801,1,530
26524F,1,570
284126,1,330
2125040801,1,400
26554F,1,560
2126020191,1,500
267047,1,590
26522B,1,660
2132023703,1,660
267321,1,500
4916040018,1,470
2137011601,1,510
26522C,1,490
267121,1,440
267342,1,680
26552C,1,600
2844A4,1,270
26522A,1,670
26512C,1,530
2125022191,1,490
26552A,1,660
458496,1,380
26514F,1,620
26527H,1,510
2125041401,1,670
284109,1,600
284341,1,380
267148,1,350
2134020101,1,410
2115020501,1,580
2137020101,1,230
4916040009,1,590
26528J,1,280
458101,1,290
26558J,1,260
2844160000,1,400
2843A8,1,200
26522E,1,250
267196,1,590
284346,1,380
267042,1,240
26552E,1,600
458434,1,390
26522D,1,390
26552D,1,290
2126011101,1,490
458147,1,670
284302,1,230
2652BE,1,660
2843S1,1,250
4916040011,1,490
2111011591,1,410
26527G,1,450
284145,1,650
284318,1,390
26554G,1,520
267496,1,580
26526N,1,230
284101,1,660
284372,1,290
26556N,1,340
2916010007,1,240
465261,1,350
465262,1,540
465281,1,390
284143,1,690
265322,1,380
466501,1,390
2116020401,1,480
2843A2,1,300
4137050201,1,480
458446,1,270
2662A3,1,400
458395,1,620
2147020801,1,580
2116050101,1,550
2662A4,1,430
2115030301,1,340
2665A4,1,280
284495,1,590
266220,1,250
458325,1,330
266520,1,210
2844C4,1,490
2144022301,1,530
265321,1,580
2147022301,1,690
265428,1,360
266217,1,420
458197,1,530
267045,1,430
266517,1,220
284450,1,200
2125024001,1,250
2144020101,1,270
2843B8,1,370
2147020101,1,640
2844B5,1,580
266246,1,440
267178,1,590
26537H,1,230
2911020003,1,610
266546,1,430
2916021801,1,210
2144020391,1,690
2115023601,1,480
2147020301,1,280
267473,1,400
266247,1,600
2663A7,1,220
266547,1,620
265481,1,580
2144020401,1,410
2115020401,1,240
2147020401,1,350
4916040001,1,330
2144020201,1,590
458350,1,490
2147020201,1,480
267441,1,420
2144021691,1,240
267334,1,630
2147021601,1,480
26544G,1,560
284106,1,320
2914020092,1,360
2914020003,1,350
267011,1,290
2917020005,1,520
2126023191,1,520
2665AK,1,390
4126041801,1,260
2914020013,1,230
2125040901,1,430
2917020006,1,600
267425,1,530
266232,1,310
2112020401,1,660
267377,1,410
26504C,1,460
266532,1,380
2916010002,1,270
2144022601,1,430
2147022601,1,340
4126041201,1,260
266274,1,570
2915020095,1,360
266574,1,690
284444,1,630
2662A7,1,230
2115050101,1,540
2665A7,1,380
2916210001,1,460
265221,2,600
26515L,2,610
2125023101,2,670
265581,2,290
2126030201,2,270
265222,2,460
26516K,2,400
26534F,2,590
265226,2,230
458196,2,550
265A29,2,500
265223,2,650
4122041101,2,570
2125040101,2,680
265225,2,480
2115020691,2,490
2112030601,2,230
265224,2,550
284196,2,570
2915010004,2,350
265228,2,440
2112020601,2,650
2115031091,2,230
265528,2,580
26548J,2,610
213006,2,480
265229,2,240
2132020101,2,630
267012,2,370
265529,2,620
2136011602,2,560
265227,2,640
267126,2,580
284344,2,530
265527,2,430
4916040010,2,640
26524I,2,520
2112030801,2,640
26524F,2,270
284126,2,690
2125040801,2,250
26554F,2,410
2126020191,2,690
267047,2,240
26522B,2,330
2132023703,2,670
267321,2,330
4916040018,2,390
2137011601,2,600
26522C,2,260
267121,2,220
267342,2,260
26552C,2,380
2844A4,2,440
26522A,2,400
26512C,2,650
2125022191,2,590
26552A,2,620
458496,2,550
26514F,2,520
26527H,2,300
2125041401,2,500
284109,2,330
284341,2,450
267148,2,200
2134020101,2,320
2115020501,2,590
2137020101,2,540
4916040009,2,420
26528J,2,460
458101,2,250
26558J,2,540
2844160000,2,660
2843A8,2,680
26522E,2,210
267196,2,650
284346,2,410
267042,2,570
26552E,2,690
458434,2,220
26522D,2,690
26552D,2,430
2126011101,2,430
458147,2,310
284302,2,480
2652BE,2,670
2843S1,2,320
4916040011,2,440
2111011591,2,520
26527G,2,510
284145,2,500
284318,2,610
26554G,2,310
267496,2,260
26526N,2,380
284101,2,450
284372,2,230
26556N,2,660
2916010007,2,250
465261,2,540
465262,2,510
465281,2,230
284143,2,350
265322,2,490
466501,2,250
2116020401,2,650
2843A2,2,630
4137050201,2,490
458446,2,400
2662A3,2,650
458395,2,290
2147020801,2,280
2116050101,2,530
2662A4,2,300
2115030301,2,570
2665A4,2,630
284495,2,680
266220,2,330
458325,2,360
266520,2,300
2844C4,2,310
2144022301,2,230
265321,2,430
2147022301,2,220
265428,2,350
266217,2,370
458197,2,210
267045,2,430
266517,2,230
284450,2,480
2125024001,2,450
2144020101,2,320
2843B8,2,620
2147020101,2,650
2844B5,2,320
266246,2,460
267178,2,360
26537H,2,260
2911020003,2,490
266546,2,320
2916021801,2,410
2144020391,2,210
2115023601,2,400
2147020301,2,420
267473,2,220
266247,2,280
2663A7,2,670
266547,2,540
265481,2,280
2144020401,2,500
2115020401,2,630
2147020401,2,620
4916040001,2,320
2144020201,2,480
458350,2,660
2147020201,2,240
267441,2,470
2144021691,2,640
267334,2,540
2147021601,2,230
26544G,2,340
284106,2,330
2914020092,2,610
2914020003,2,250
267011,2,430
2917020005,2,270
2126023191,2,400
2665AK,2,620
4126041801,2,470
2914020013,2,680
2125040901,2,250
2917020006,2,350
267425,2,240
266232,2,420
2112020401,2,430
267377,2,280
26504C,2,400
266532,2,390
2916010002,2,430
2144022601,2,290
2147022601,2,320
4126041201,2,610
266274,2,500
2915020095,2,570
266574,2,590
284444,2,420
2662A7,2,530
2115050101,2,300
2665A7,2,660
2916210001,2,320
265221,3,310
26515L,3,450
2125023101,3,630
265581,3,220
2126030201,3,620
265222,3,650
26516K,3,510
26534F,3,600
265226,3,670
458196,3,390
265A29,3,210
265223,3,400
4122041101,3,500
2125040101,3,580
265225,3,530
2115020691,3,270
2112030601,3,590
265224,3,440
284196,3,620
2915010004,3,340
265228,3,580
2112020601,3,330
2115031091,3,640
265528,3,400
26548J,3,420
213006,3,270
265229,3,630
2132020101,3,390
267012,3,680
265529,3,460
2136011602,3,650
265227,3,290
267126,3,260
284344,3,650
265527,3,610
4916040010,3,670
26524I,3,620
2112030801,3,470
26524F,3,640
284126,3,280
2125040801,3,370
26554F,3,560
2126020191,3,450
267047,3,620
26522B,3,500
2132023703,3,250
267321,3,410
4916040018,3,650
2137011601,3,390
26522C,3,570
267121,3,510
267342,3,620
26552C,3,470
2844A4,3,200
26522A,3,500
26512C,3,680
2125022191,3,490
26552A,3,300
458496,3,490
26514F,3,610
26527H,3,630
2125041401,3,410
284109,3,300
284341,3,580
267148,3,650
2134020101,3,540
2115020501,3,640
2137020101,3,570
4916040009,3,240
26528J,3,680
458101,3,560
26558J,3,340
2844160000,3,490
2843A8,3,280
26522E,3,370
267196,3,500
284346,3,480
267042,3,410
26552E,3,250
458434,3,500
26522D,3,650
26552D,3,470
2126011101,3,230
458147,3,220
284302,3,470
2652BE,3,240
2843S1,3,580
4916040011,3,220
2111011591,3,430
26527G,3,270
284145,3,680
284318,3,410
26554G,3,240
267496,3,490
26526N,3,460
284101,3,650
284372,3,570
26556N,3,380
2916010007,3,270
465261,3,260
465262,3,240
465281,3,680
284143,3,320
265322,3,530
466501,3,540
2116020401,3,570
2843A2,3,500
4137050201,3,580
458446,3,620
2662A3,3,430
458395,3,540
2147020801,3,400
2116050101,3,380
2662A4,3,660
2115030301,3,240
2665A4,3,230
284495,3,460
266220,3,690
458325,3,530
266520,3,380
2844C4,3,520
2144022301,3,500
265321,3,290
2147022301,3,400
265428,3,560
266217,3,630
458197,3,400
267045,3,590
266517,3,600
284450,3,420
2125024001,3,520
2144020101,3,280
2843B8,3,370
2147020101,3,550
2844B5,3,370
266246,3,380
267178,3,480
26537H,3,270
2911020003,3,320
266546,3,520
2916021801,3,290
2144020391,3,610
2115023601,3,680
2147020301,3,620
267473,3,460
266247,3,410
2663A7,3,550
266547,3,220
265481,3,560
2144020401,3,520
2115020401,3,270
2147020401,3,290
4916040001,3,400
2144020201,3,680
458350,3,250
2147020201,3,630
267441,3,550
2144021691,3,290
267334,3,380
2147021601,3,320
26544G,3,300
284106,3,280
2914020092,3,540
2914020003,3,660
267011,3,410
2917020005,3,650
2126023191,3,350
2665AK,3,490
4126041801,3,690
2914020013,3,380
2125040901,3,220
2917020006,3,600
267425,3,690
266232,3,440
2112020401,3,240
267377,3,460
26504C,3,530
266532,3,300
2916010002,3,680
2144022601,3,220
2147022601,3,690
4126041201,3,680
266274,3,430
2915020095,3,630
266574,3,570
284444,3,440
2662A7,3,260
2115050101,3,430
2665A7,3,290
2916210001,3,270
265221,4,590
26515L,4,260
2125023101,4,460
265581,4,580
2126030201,4,450
265222,4,440
26516K,4,370
26534F,4,350
265226,4,200
458196,4,690
265A29,4,310
265223,4,370
4122041101,4,670
2125040101,4,590
265225,4,650
2115020691,4,390
2112030601,4,490
265224,4,520
284196,4,310
2915010004,4,490
265228,4,250
2112020601,4,200
2115031091,4,480
265528,4,690
26548J,4,430
213006,4,320
265229,4,350
2132020101,4,590
267012,4,350
265529,4,450
2136011602,4,470
265227,4,400
267126,4,470
284344,4,510
265527,4,370
4916040010,4,560
26524I,4,530
2112030801,4,370
26524F,4,460
284126,4,320
2125040801,4,400
26554F,4,270
2126020191,4,300
267047,4,530
26522B,4,560
2132023703,4,370
267321,4,500
4916040018,4,390
2137011601,4,460
26522C,4,260
267121,4,620
267342,4,450
26552C,4,380
2844A4,4,200
26522A,4,460
26512C,4,540
2125022191,4,290
26552A,4,590
458496,4,310
26514F,4,230
26527H,4,560
2125041401,4,330
284109,4,370
284341,4,210
267148,4,500
2134020101,4,620
2115020501,4,350
2137020101,4,440
4916040009,4,330
26528J,4,580
458101,4,690
26558J,4,690
2844160000,4,390
2843A8,4,510
26522E,4,580
267196,4,660
284346,4,330
267042,4,420
26552E,4,630
458434,4,440
26522D,4,610
26552D,4,570
2126011101,4,300
458147,4,250
284302,4,310
2652BE,4,300
2843S1,4,580
4916040011,4,430
2111011591,4,670
26527G,4,470
284145,4,610
284318,4,200
26554G,4,620
267496,4,690
26526N,4,200
284101,4,350
284372,4,320
26556N,4,650
2916010007,4,600
465261,4,370
465262,4,580
465281,4,300
284143,4,600
265322,4,310
466501,4,650
2116020401,4,230
2843A2,4,250
4137050201,4,560
458446,4,670
2662A3,4,480
458395,4,380
2147020801,4,380
2116050101,4,530
2662A4,4,310
2115030301,4,530
2665A4,4,510
284495,4,680
266220,4,620
458325,4,400
266520,4,330
2844C4,4,430
2144022301,4,680
265321,4,500
2147022301,4,370
265428,4,330
266217,4,610
458197,4,500
267045,4,550
266517,4,470
284450,4,210
2125024001,4,280
2144020101,4,380
2843B8,4,420
2147020101,4,690
2844B5,4,600
266246,4,410
267178,4,460
26537H,4,260
2911020003,4,540
266546,4,490
2916021801,4,570
2144020391,4,220
2115023601,4,460
2147020301,4,540
267473,4,450
266247,4,370
2663A7,4,280
266547,4,200
265481,4,230
2144020401,4,210
2115020401,4,310
2147020401,4,250
4916040001,4,550
2144020201,4,630
458350,4,470
2147020201,4,640
267441,4,220
2144021691,4,330
267334,4,550
2147021601,4,300
26544G,4,210
284106,4,420
2914020092,4,620
2914020003,4,370
267011,4,260
2917020005,4,660
2126023191,4,660
2665AK,4,350
4126041801,4,340
2914020013,4,300
2125040901,4,540
2917020006,4,470
267425,4,370
266232,4,490
2112020401,4,450
267377,4,590
26504C,4,580
266532,4,320
2916010002,4,350
2144022601,4,520
2147022601,4,430
4126041201,4,200
266274,4,410
2915020095,4,610
266574,4,520
284444,4,220
2662A7,4,550
2115050101,4,510
2665A7,4,530
2916210001,4,240
265221,5,560
26515L,5,480
2125023101,5,640
265581,5,350
2126030201,5,680
265222,5,340
26516K,5,570
26534F,5,560
265226,5,430
458196,5,360
265A29,5,540
265223,5,330
4122041101,5,210
2125040101,5,690
265225,5,200
2115020691,5,590
2112030601,5,350
265224,5,360
284196,5,240
2915010004,5,500
265228,5,470
2112020601,5,230
2115031091,5,570
265528,5,550
26548J,5,480
213006,5,540
265229,5,210
2132020101,5,550
267012,5,430
265529,5,280
2136011602,5,300
265227,5,220
267126,5,320
284344,5,350
265527,5,540
4916040010,5,560
26524I,5,690
2112030801,5,460
26524F,5,520
284126,5,220
2125040801,5,590
26554F,5,280
2126020191,5,640
267047,5,520
26522B,5,260
2132023703,5,500
267321,5,430
4916040018,5,640
2137011601,5,480
26522C,5,380
267121,5,680
267342,5,330
26552C,5,310
2844A4,5,330
26522A,5,380
26512C,5,690
2125022191,5,240
26552A,5,470
458496,5,630
26514F,5,390
26527H,5,450
2125041401,5,270
284109,5,660
284341,5,630
267148,5,290
2134020101,5,520
2115020501,5,540
2137020101,5,460
4916040009,5,320
26528J,5,200
458101,5,300
26558J,5,610
2844160000,5,330
2843A8,5,320
26522E,5,580
267196,5,650
284346,5,220
267042,5,320
26552E,5,480
458434,5,350
26522D,5,590
26552D,5,200
2126011101,5,300
458147,5,470
284302,5,530
2652BE,5,420
2843S1,5,550
4916040011,5,630
2111011591,5,410
26527G,5,550
284145,5,440
284318,5,630
26554G,5,520
267496,5,400
26526N,5,560
284101,5,210
284372,5,270
26556N,5,250
2916010007,5,200
465261,5,620
465262,5,470
465281,5,480
284143,5,250
265322,5,540
466501,5,220
2116020401,5,530
2843A2,5,250
4137050201,5,480
458446,5,340
2662A3,5,270
458395,5,580
2147020801,5,610
2116050101,5,240
2662A4,5,550
2115030301,5,430
2665A4,5,530
284495,5,420
266220,5,240
458325,5,420
266520,5,390
2844C4,5,480
2144022301,5,680
265321,5,330
2147022301,5,610
265428,5,550
266217,5,400
458197,5,370
267045,5,290
266517,5,270
284450,5,200
2125024001,5,250
2144020101,5,370
2843B8,5,670
2147020101,5,300
2844B5,5,260
266246,5,280
267178,5,280
26537H,5,570
2911020003,5,620
266546,5,660
2916021801,5,210
2144020391,5,390
2115023601,5,450
2147020301,5,280
267473,5,420
266247,5,680
2663A7,5,650
266547,5,670
265481,5,550
2144020401,5,450
2115020401,5,530
2147020401,5,440
4916040001,5,440
2144020201,5,350
458350,5,370
2147020201,5,370
267441,5,450
2144021691,5,250
267334,5,590
2147021601,5,610
26544G,5,260
284106,5,650
2914020092,5,310
2914020003,5,240
267011,5,330
2917020005,5,220
2126023191,5,370
2665AK,5,260
4126041801,5,320
2914020013,5,590
2125040901,5,630
2917020006,5,430
267425,5,420
266232,5,290
2112020401,5,250
267377,5,610
26504C,5,200
266532,5,630
2916010002,5,350
2144022601,5,520
2147022601,5,230
4126041201,5,300
266274,5,370
2915020095,5,380
266574,5,640
284444,5,620
2662A7,5,650
2115050101,5,680
2665A7,5,620
2916210001,5,270
284310,1,520
266046,1,520
267308,1,640
284313,1,470
2115022201,1,650
2124020401,1,400
458348,1,420
2127020401,1,540
2844S4,1,350
2124020991,1,380
266347,1,310
2127020901,1,320
267405,1,350
2124021091,1,550
2843080002,1,620
2127021001,1,360
2844170000,1,530
2124020501,1,460
2125040491,1,270
4915010001,1,260
2127020501,1,620
2844B6,1,350
2124023191,1,620
284345,1,580
2127023101,1,410
267447,1,260
2124020301,1,600
2115030891,1,530
2127020301,1,410
2844B4,1,450
2914010010,1,310
2115040101,1,340
2917010001,1,230
266432,1,300
2124030701,1,490
466301,1,370
2127030701,1,370
2844A7,1,660
2124030491,1,690
2125020101,1,570
2127030491,1,490
2126040791,1,660
2124022101,1,300
2115020201,1,250
2127022101,1,680
2126030101,1,290
2124022401,1,450
458346,1,450
2127022401,1,250
267446,1,230
2127022501,1,490
458424,1,670
2914020014,1,630
2843B4,1,440
2917020007,1,250
2116023601,1,500
2914010012,1,680
2915020012,1,300
2917010003,1,560
2146020101,1,300
2124030201,1,210
266332,1,410
4126041501,1,430
2124023201,1,510
266374,1,380
2127023201,1,690
284404,1,420
2124023301,1,590
2125030101,1,300
2127023391,1,370
267401,1,340
2124023401,1,310
2915010098,1,370
2127023401,1,300
458435,1,380
2124020201,1,430
267373,1,230
2127020201,1,470
2126020901,1,520
2124011101,1,250
2126021001,1,470
2843C3,1,340
4127050301,1,530
2126020501,1,210
458329,1,410
2127050101,1,600
2126041001,1,670
284304,1,270
2127050201,1,590
2844S1,1,340
4127040201,1,660
267422,1,660
458430,1,280
2844S3,1,210
267442,1,270
2915023901,1,630
2127040301,1,380
2126041101,1,260
2125040591,1,580
2127040491,1,620
458450,1,280
458397,1,320
2127040501,1,650
284403,1,590
467301,1,590
2127040201,1,390
458423,1,600
2915010003,1,560
2127040601,1,320
458432,1,500
458326,1,410
2127040791,1,450
2844C1,1,690
2843S5,1,210
2127041101,1,440
2136021901,1,430
2915010021,1,380
2127040801,1,520
2146020301,1,440
284306,1,450
2127040901,1,220
267479,1,580
26535A,1,460
2127040101,1,670
267443,1,370
4127040401,1,310
2916020093,1,440
4917040002,1,680
4917040092,1,680
4126041401,1,620
4127041201,1,520
2116021101,1,390
4126050301,1,510
4917040003,1,690
2145020801,1,520
4127041302,1,270
2116024891,1,470
4917040004,1,460
284405,1,480
4917040005,1,300
458428,1,280
265427,1,270
2843620002,1,600
4127041401,1,310
458437,1,350
267494,1,290
26542B,1,320
2115030391,1,560
4127041501,1,450
2916020010,1,440
4127041601,1,610
4127040501,1,370
2915020004,1,240
2127041001,1,550
2916010004,1,610
4915040003,1,590
2116030691,1,260
284314,1,300
4127041801,1,420
2916020005,1,620
2841B7,1,480
2914010017,1,680
2125022401,1,270
2917010005,1,370
2126022401,1,460
2124020101,1,240
284343,1,490
2127020191,1,340
267480,1,370
2124030101,1,580
2843C4,1,600
267426,1,660
2124024091,1,240
284397,1,330
2127024001,1,420
284452,1,390
267143,1,670
2114020401,1,340
2115030901,1,400
2117020401,1,310
2844C2,1,230
458148,1,620
2114020501,1,270
265323,1,350
2117020501,1,540
267492,1,360
2841A3,1,240
2114020691,1,270
4915040004,1,370
2117020601,1,240
2126022101,1,500
458201,2,270
2912020003,2,260
2915010020,2,440
2842A4,2,340
265324,2,550
2845A4,2,200
2116021501,2,540
2842A8,2,460
2145020101,2,650
2845A8,2,460
26542C,2,460
2842B2,2,350
2125020591,2,510
2845B2,2,660
2116020691,2,630
2114010601,2,270
267317,2,520
4914010001,2,650
2843S4,2,420
2842A1,2,590
2125020901,2,300
2845A1,2,570
2126040291,2,540
2842B3,2,680
2115024801,2,610
2845B3,2,470
2844C6,2,270
284250,2,220
2843C5,2,540
284550,2,650
2844A3,2,230
2842A9,2,400
2115021801,2,450
2845A9,2,290
2116020701,2,430
2842A2,2,680
2115021301,2,490
2845A2,2,330
267453,2,430
2842C2,2,210
284303,2,290
2845C2,2,570
284424,2,220
267181,2,480
2114021201,2,570
2125020401,2,420
2117021201,2,270
2126030491,2,660
2912010001,2,250
2114021301,2,540
458305,2,620
2117021391,2,260
2844C5,2,370
267021,2,360
458241,2,390
26512E,2,410
265328,2,500
2115010601,2,280
284211,2,590
2915010022,2,220
284262,2,670
2125050201,2,400
267001,2,210
284209,2,230
26512B,2,290
284316,2,200
284210,2,450
2112010701,2,650
2114020101,2,570
267391,2,350
2117020101,2,360
267454,2,680
267221,2,260
2112021801,2,240
284374,2,470
2111023701,2,210
267521,2,210
2844S5,2,290
265125,2,670
2914010004,2,390
2915010015,2,620
267205,2,270
265128,2,260
2915010002,2,340
267505,2,360
2146020201,2,660
284193,2,220
2114030101,2,210
267339,2,530
458205,2,270
465283,2,560
284218,2,220
2843930002,2,510
284215,2,580
458396,2,540
284402,2,360
284216,2,250
458321,2,670
2845160000,2,360
458426,2,400
284217,2,660
2845170000,2,420
2126040891,2,240
284214,2,460
2915020007,2,530
2114030201,2,420
267036,2,640
458431,2,420
267256,2,610
2145022301,2,290
267556,2,280
2116020501,2,620
2112030101,2,300
458202,2,260
284146,2,220
2115011201,2,580
213027,2,640
2915010016,2,480
267211,2,350
267213,2,250
267214,2,490
267212,2,680
2114021501,2,660
2125040201,2,210
2117021501,2,600
2126050101,2,280
2842C4,2,500
267107,2,210
2115050201,2,450
2845C4,2,520
458439,2,530
2842930002,2,590
2843B2,2,630
2845930002,2,620
2146022601,2,630
2842C6,2,590
2915020013,2,680
2845C6,2,550
267434,2,480
2114021101,2,660
2114021191,2,310
267374,2,360
2117021101,2,420
2916020013,2,230
2842960002,2,240
2145020401,2,380
2845960002,2,350
266417,2,370
2842080002,2,490
458399,2,600
2845080002,2,570
2916020011,2,590
2124024801,2,230
267333,2,650
2127024891,2,590
4126040201,2,320
2842620002,2,570
267343,2,580
267245,2,680
2115031101,2,640
2842C8,2,680
2135000001,2,420
2845C8,2,670
2126023391,2,660
2842C7,2,210
2145020301,2,610
2845C7,2,290
2116011301,2,310
2114024801,2,670
2125030201,2,290
2117024801,2,630
2136020101,2,620
2842C5,2,630
2843A3,2,430
2845C5,2,690
2664A4,2,410
458243,2,400
284141,2,260
267322,2,360
2915010010,2,650
267191,2,620
2114030301,2,600
284305,2,490
2115020801,2,660
2117030391,2,240
284446,2,510
284249,2,390
267102,2,380
2915010006,2,690
284549,2,230
284491,2,450
2842A5,3,240
284195,3,210
265327,3,520
2845A5,3,300
2844C7,3,690
267108,3,470
2842A7,3,300
2132010906,3,620
2845A7,3,210
2116020391,3,580
267277,3,560
2112021301,3,300
2843A5,3,230
267577,3,290
2126020301,3,650
267279,3,390
26513A,3,610
267396,3,460
267579,3,670
2116020201,3,340
267278,3,230
267192,3,640
2115021501,3,430
267578,3,390
2916010006,3,220
284273,3,340
267194,3,420
458343,3,270
284573,3,620
4126041391,3,630
284274,3,540
26559M,3,510
284574,3,480
2844A1,3,240
267280,3,600
26513D,3,270
267326,3,200
267580,3,240
284494,3,200
2914030002,3,480
2843B6,3,650
267226,3,360
267156,3,390
284308,3,590
267526,3,690
2916210002,3,440
2114020391,3,590
4125041301,3,370
2117020391,3,390
266474,3,600
267145,3,600
2114021701,3,260
284350,3,530
2917021701,3,530
2126040101,3,370
267125,3,670
2114021891,3,450
458322,3,510
266032,3,420
2917021801,3,490
2844930002,3,580
267243,3,630
284125,3,370
284393,3,420
2111021801,3,300
267543,3,650
2844960002,3,260
267293,3,400
26516K0002,3,290
2843B5,3,690
267593,3,510
267477,3,360
284246,3,200
267101,3,370
2145020201,3,560
284546,3,440
267445,3,370
284245,3,600
284108,3,680
2125040791,3,340
284545,3,490
2844B8,3,260
284244,3,370
267141,3,430
284315,3,480
284544,3,650
2126022501,3,450
284241,3,680
266117,3,420
2115030201,3,420
284541,3,580
2844A5,3,370
2842B8,3,410
2125024801,3,490
2845B8,3,240
284474,3,200
284240,3,480
267122,3,660
2115030501,3,540
266017,3,570
284540,3,690
284445,3,210
2911010001,3,650
267046,3,240
267216,3,210
267378,3,310
267217,3,610
2125021091,3,230
2114020701,3,530
2843960002,3,310
2117020701,3,570
2117020791,3,260
284441,3,280
2843C7,3,590
2131011001,3,290
458247,3,530
267153,3,650
2843A7,3,400
267146,3,300
458297,3,670
267379,3,220
2114022201,3,310
284399,3,490
2117022201,3,220
284406,3,610
2114011201,3,270
2843C2,3,450
2844A9,3,210
2114020291,3,550
2125023401,3,530
2117020201,3,460
4916040005,3,520
267013,3,250
267043,3,520
2125041101,3,270
467501,3,420
267305,3,640
2912010004,3,230
2914010011,3,250
2135020101,3,400
2917010002,3,440
4126040401,3,590
267202,3,420
267193,3,210
2663A4,3,360
267502,3,370
2116030291,3,520
284252,3,630
2917020098,3,580
466401,3,600
266447,3,280
2116020101,3,230
2114030501,3,370
284362,3,370
458246,3,580
265123,3,550
284309,3,300
458546,3,570
267421,3,220
267546,3,480
2911020002,3,270
2126020201,3,620
267246,3,250
26514G,3,660
2125030401,3,250
458296,3,340
266132,3,580
2915010012,3,290
458596,3,290
2126050201,3,620
267596,3,540
266420,3,560
267296,3,630
265126,3,330
2135021901,3,540
267241,3,680
2841A5-1,3,580
2915020090,3,590
284040-2,3,640
267541,3,670
267493,3,630
267291,3,300
265122,3,310
2115030601,3,450
267591,3,590
2844B1,3,460
2914030003,3,420
2917030001,3,300
284451,3,210
26512A,3,350
2114030601,3,400
2843S2,4,520
2117030691,4,280
2116022201,4,310
2914010013,4,610
267380,4,690
2917010004,4,400
284463,4,210
2114020801,4,460
284394,4,670
2842B6,4,510
265326,4,620
2845B6,4,350
265429,4,310
267248,4,260
265121,4,560
4195053501,4,410
267548,4,630
458420,4,390
2843C1,4,570
458550,4,280
2126040901,4,390
267247,4,460
2125040601,4,410
267547,4,540
2126040401,4,590
284202,4,430
4125050301,4,530
284502,4,350
2844B2,4,360
284204,4,350
2843B3,4,330
284504,4,520
2916010005,4,360
284203,4,340
2115020791,4,220
284503,4,570
284426,4,530
267451,4,290
267249,4,530
267302,4,350
267549,4,360
2664AC,4,260
458248,4,210
284144,4,620
267346,4,580
458298,4,390
284324,4,240
284040-1,4,330
267014,4,390
2112040001,4,580
284226,4,260
266317,4,300
2116040101,4,530
284526,4,260
267180,4,630
267545,4,550
26542D,4,680
2131010901,4,310
265127,4,380
2914010006,4,590
267392,4,610
267041,4,560
267501,4,620
2146022301,4,480
267251,4,240
2912010002,4,610
265A2C,4,430
267551,4,620
2126040601,4,440
267254,4,270
284149,4,200
26534G,4,680
267554,4,360
2916020015,4,300
284291,4,510
267177,4,400
2125040301,4,450
2917030801,4,470
2126030701,4,270
2842C3,4,250
267349,4,380
2916020012,4,570
267179,4,340
2114030901,4,600
26523M,4,270
2117030901,4,620
267456,4,210
2842B1,4,390
2125020501,4,590
2845B1,4,220
267478,4,560
2914010014,4,260
2115030101,4,560
267253,4,290
284151,4,570
267345,4,350
267553,4,510
284407,4,410
2114011301,4,220
284396,4,360
2117011301,4,540
2844C8,4,210
2914010016,4,250
213028,4,390
284447,4,480
284147,4,680
2914210009,4,660
2843S3,4,210
267574,4,610
284442,4,220
267225,4,350
2841A6,4,550
284395,4,210
267525,4,410
26548N,4,630
2115020901,4,200
2117050201,4,540
2916010003,4,400
2114050101,4,450
284363,4,400
2117050101,4,370
458433,4,420
267242,4,450
284192,4,450
2131000001,4,340
2131020001,4,420
267542,4,660
2844S2,4,380
267292,4,610
2912010003,4,280
2115020391,4,640
267592,4,470
284408,4,220
2914020016,4,680
267307,4,570
2917020009,4,260
2845B4,4,690
4136050291,4,640
267448,4,280
2844S6,4,360
284493,4,410
2843B1,4,490
458327,4,230
2664AK,4,430
284398,4,470
284472,4,240
458523,4,500
2146020491,4,540
458524,4,230
2664A7,4,540
458530,4,560
4585300002,4,220
284496,4,580
458528,4,230
267433,4,460
458533,4,250
4916040017,4,420
284321,4,490
458526,4,410
2844A2,4,270
458532,4,480
26538J,4,640
458529,4,260
458347,4,340
284348,4,520
458521,4,560
2844080002,4,260
267325,4,480
458542,4,640
4916040007,4,210
2843S6,4,490
458531,4,270
2915010007,4,450
458541,4,520
4585410002,4,330
266346,4,540
284392,4,280
2845S1,4,380
2844A6,4,500
458539,4,580
4916041701,4,600
266320,4,280
2845S6,4,350
2916030002,4,220
284499,4,370
2145021601,4,400
2845S4,4,680
2126040591,4,490
284415,4,300
458341,4,570
2117040101,4,410
26544F,5,620
2126023201,5,580
2844B3,5,690
2116050201,5,670
267491,5,680
458421,5,550
267142,5,430
2845S3,5,660
2843C9,5,430
458442,5,590
4125041801,5,210
2845S2,5,480
2126020401,5,540
2115021201,5,520
2845S5,5,240
2126040301,5,630
2114011501,5,270
267356,5,420
2111023601,5,620
2914010009,5,620
267151,5,500
458398,5,310
2114021001,5,490
26518J,5,210
2914010018,5,540
2115011501,5,580
284009,5,580
267273,5,510
267173,5,610
284326,5,680
267573,5,680
2116021301,5,590
458245,5,510
267316,5,490
458295,5,500
458331,5,310
458249,5,220
458299,5,490
2125050101,5,450
284292,5,580
2112021701,5,200
2115020101,5,590
284299,5,610
265325,5,480
4916040003,5,240
284296,5,690
284140,5,550
2125020301,5,510
284596,5,250
2126024801,5,610
284297,5,510
2843A9,5,490
284294,5,380
267347,5,540
284594,5,230
267402,5,660
284298,5,300
284340,5,600
284295,5,380
267174,5,270
267353,5,330
284595,5,460
2844A8,5,210
284293,5,690
284173,5,380
2115011301,5,400
284593,5,550
2116021701,5,430
2842C9,5,640
2915020011,5,540
2842A3,5,460
2125020291,5,500
284243,5,520
284311,5,540
2125023201,5,340
284248,5,200
2841A5,5,230
458302,5,670
284548,5,470
4916040014,5,200
2842B7,5,380
458102,5,560
2115021701,5,210
284040,5,450
2117023601,5,540
2116011201,5,290
284247,5,290
267154,5,550
267394,5,410
458047,5,360
284547,5,690
26542E,5,260
284251,5,370
265129,5,280
2915020017,5,520
284551,5,450
266446,5,500
2842C1,5,320
284312,5,390
2845C1,5,490
4916040004,5,390
2842A6,5,290
284127,5,480
284347,5,370
2845A6,5,390
2116021291,5,300
284224,5,650
2125041001,5,630
284524,5,540
284440,5,590
284107,5,600
284110,5,480
284225,5,650
458143,5,590
2915030002,5,350
265124,5,460
2914010019,5,570
284307,5,310
267294,5,530
267105,5,330
2915210008,5,590
267594,5,270
2126024001,5,640
2841C4,5,580
267239,5,500
26532B,5,300
458146,5,500
2914010097,5,350
4135050201,5,340
267222,5,420
2112030301,5,240
2125023391,5,220
2115010791,5,590
267522,5,370
284473,5,430
284223,5,450
284373,5,550
284148,5,590
2914010020,5,480
2843A4,5,360
2917010006,5,640
2126023401,5,300
2842B5,5,220
2843C8,5,500
2845B5,5,460
4916040016,5,350
267234,5,550
2125030701,5,320
267534,5,200
2116030301,5,650
284272,5,650
2915010019,5,490
284572,5,310
284449,5,230
284206,5,680
2112020501,5,590
2843C6,5,580
284506,5,240
2916010008,5,350
284207,5,420
458103,5,520
2115021101,5,310
284507,5,660
267449,5,590
284205,5,380
458345,5,550
284505,5,360
2844C3,5,270
284263,5,550
2915010011,5,370
458438,5,420
284208,5,560
267139,5,670
267341,5,590
284508,5,320
2664A3,5,380
4915040002,5,460
284142,5,640
2114031091,5,680
26533E,5,530
284542,5,470
4916040012,5,450
4125041501,5,350
267581,5,460
458440,5,560
267233,5,250
267351,5,680
284521,5,410
458436,5,670
4915040005,5,210
267281,5,340
2112021201,5,330
266146,5,670
2114031101,5,390
284325,5,480
270263,1,240
270363,1,270
270190,1,400
270290,1,280
270390,1,530
270340,1,640
270176,1,290
270276,1,270
270376,1,400
2703AR,1,470
2701AV,1,370
2702AW,1,310
2703AW,1,480
2702B5,1,220
2703B5,1,200
2702AZ,1,340
2703AZ,1,590
270199,1,460
270299,1,480
270399,1,350
270150,1,620
270250,1,470
270350,1,480
270153,1,480
270253,1,590
270353,1,540
2211010301,1,570
2212010301,1,660
2213010301,1,340
2701AF,1,380
2702AF,1,540
2703AF,1,220
2701AY,1,580
2702AY,1,360
2703AY,1,570
2701BG,1,590
2702BG,1,290
2703BG,1,310
2701AN,1,300
2702AN,1,680
2703AN,1,600
270247,1,260
270347,1,640
2701AE,1,200
2702AE,1,550
2703AE,1,430
270161,1,670
270261,1,540
270361,1,310
270165,1,200
270365,1,640
270220,1,250
270320,1,220
270126,1,470
270226,1,600
270326,1,430
270103,1,600
270203,1,590
270303,1,310
270206,1,370
270306,1,660
270130,1,520
270230,1,220
270330,1,500
270138,1,360
270238,1,370
270338,1,610
270110,1,590
270210,1,230
270263,2,520
270363,2,670
270190,2,310
270290,2,450
270390,2,520
270340,2,620
270176,2,670
270276,2,210
270376,2,210
2703AR,2,240
2701AV,2,380
2702AW,2,480
2703AW,2,610
2702B5,2,220
2703B5,2,680
2702AZ,2,260
2703AZ,2,230
270199,2,670
270299,2,680
270399,2,210
270150,2,300
270250,2,650
270350,2,590
270153,2,580
270253,2,220
270353,2,370
2211010301,2,440
2212010301,2,290
2213010301,2,510
2701AF,2,680
2702AF,2,630
2703AF,2,680
2701AY,2,420
2702AY,2,450
2703AY,2,460
2701BG,2,600
2702BG,2,570
2703BG,2,320
2701AN,2,330
2702AN,2,490
2703AN,2,460
270247,2,430
270347,2,310
2701AE,2,480
2702AE,2,230
2703AE,2,630
270161,2,280
270261,2,640
270361,2,570
270165,2,310
270365,2,610
270220,2,260
270320,2,330
270126,2,600
270226,2,280
270326,2,670
270103,2,390
270203,2,460
270303,2,440
270206,2,640
270306,2,360
270130,2,260
270230,2,510
270330,2,250
270138,2,330
270238,2,330
270338,2,340
270110,2,520
270210,2,290
270263,3,290
270363,3,580
270190,3,610
270290,3,220
270390,3,370
270340,3,290
270176,3,250
270276,3,590
270376,3,420
2703AR,3,270
2701AV,3,420
2702AW,3,350
2703AW,3,490
2702B5,3,440
2703B5,3,360
2702AZ,3,290
2703AZ,3,500
270199,3,690
270299,3,540
270399,3,450
270150,3,280
270250,3,510
270350,3,450
270153,3,400
270253,3,500
270353,3,690
2211010301,3,310
2212010301,3,290
2213010301,3,200
2701AF,3,390
2702AF,3,410
2703AF,3,260
2701AY,3,530
2702AY,3,250
2703AY,3,490
2701BG,3,680
2702BG,3,400
2703BG,3,450
2701AN,3,620
2702AN,3,380
2703AN,3,370
270247,3,300
270347,3,540
2701AE,3,380
2702AE,3,650
2703AE,3,690
270161,3,370
270261,3,300
270361,3,290
270165,3,370
270365,3,450
270220,3,690
270320,3,290
270126,3,460
270226,3,610
270326,3,420
270103,3,400
270203,3,640
270303,3,670
270206,3,660
270306,3,310
270130,3,320
270230,3,440
270330,3,270
270138,3,380
270238,3,210
270338,3,210
270110,3,560
270210,3,260
270263,4,460
270363,4,270
270190,4,230
270290,4,350
270390,4,400
270340,4,610
270176,4,270
270276,4,470
270376,4,350
2703AR,4,230
2701AV,4,250
2702AW,4,680
2703AW,4,580
2702B5,4,230
2703B5,4,690
2702AZ,4,570
2703AZ,4,460
270199,4,280
270299,4,580
270399,4,400
270150,4,510
270250,4,460
270350,4,430
270153,4,590
270253,4,680
270353,4,320
2211010301,4,520
2212010301,4,490
2213010301,4,640
2701AF,4,290
2702AF,4,200
2703AF,4,600
2701AY,4,270
2702AY,4,400
2703AY,4,560
2701BG,4,520
2702BG,4,570
2703BG,4,670
2701AN,4,370
2702AN,4,550
2703AN,4,670
270247,4,210
270347,4,440
2701AE,4,240
2702AE,4,440
2703AE,4,270
270161,4,680
270261,4,590
270361,4,340
270165,4,520
270365,4,330
270220,4,620
270320,4,250
270126,4,460
270226,4,500
270326,4,510
270103,4,390
270203,4,610
270303,4,650
270206,4,360
270306,4,400
270130,4,450
270230,4,290
270330,4,650
270138,4,430
270238,4,210
270338,4,500
270110,4,610
270210,4,370
270263,5,470
270363,5,230
270190,5,600
270290,5,250
270390,5,570
270340,5,300
270176,5,560
270276,5,670
270376,5,530
2703AR,5,650
2701AV,5,510
2702AW,5,200
2703AW,5,320
2702B5,5,320
2703B5,5,460
2702AZ,5,680
2703AZ,5,490
270199,5,230
270299,5,620
270399,5,200
270150,5,470
270250,5,640
270350,5,410
270153,5,600
270253,5,560
270353,5,660
2211010301,5,600
2212010301,5,640
2213010301,5,580
2701AF,5,490
2702AF,5,520
2703AF,5,380
2701AY,5,550
2702AY,5,490
2703AY,5,330
2701BG,5,570
2702BG,5,460
2703BG,5,470
2701AN,5,480
2702AN,5,210
2703AN,5,480
270247,5,360
270347,5,310
2701AE,5,230
2702AE,5,430
2703AE,5,310
270161,5,230
270261,5,250
270361,5,660
270165,5,260
270365,5,360
270220,5,530
270320,5,590
270126,5,320
270226,5,480
270326,5,380
270103,5,390
270203,5,370
270303,5,400
270206,5,510
270306,5,590
270130,5,620
270230,5,350
270330,5,650
270138,5,550
270238,5,460
270338,5,490
270110,5,370
270210,5,390
270310,1,200
270108,1,400
270208,1,590
270308,1,660
270185,1,260
270285,1,610
270385,1,560
2212010501,1,230
2213010501,1,310
2211010591,1,460
2212012301,1,390
2213012301,1,590
2211012301,1,380
2212012401,1,470
2213012401,1,350
2211012401,1,500
270159,1,430
270259,1,280
270359,1,330
270170,1,230
270270,1,300
270370,1,660
270246,1,200
270346,1,210
2701A4,1,510
2702A4,1,690
2703A4,1,380
270154,1,380
270254,1,690
270354,1,410
270193,1,410
270293,1,400
270393,1,220
2701BE,1,560
2702BE,1,230
2703BE,1,250
2701AB,1,200
2702AB,1,530
2703AB,1,500
270135,1,650
270235,1,490
270335,1,410
270151,1,400
270251,1,460
270351,1,440
2701BN,1,460
2702BN,1,660
2703BN,1,440
2212010201,1,260
2213010201,1,500
2701BP,1,360
2702BP,1,580
2703BP,1,400
2701AX,1,690
2702AX,1,320
2703AX,1,470
2701B7,1,380
2702B7,1,370
2703B7,1,290
2701B8,1,590
2702B8,1,480
2703B8,1,460
270139,1,470
270239,1,230
270339,1,430
2211013101,1,390
2212013101,1,400
2213013101,1,540
270141,1,520
270241,1,500
2213013201,2,610
2701AL,2,640
2702AL,2,670
2703AL,2,470
270195,2,470
270295,2,670
270395,2,610
270266,2,390
270366,2,550
270114,2,570
270214,2,260
270314,2,500
270118,2,250
270218,2,420
270318,2,550
270175,2,500
270275,2,200
270375,2,360
270133,2,280
270233,2,410
270333,2,680
2701A5,2,360
2702A5,2,420
2703A5,2,500
270162,2,680
270262,2,660
270362,2,390
270131,2,330
270231,2,560
270331,2,320
270124,2,430
270224,2,240
270324,2,300
2701A3,2,660
2702A3,2,200
2703A3,2,420
270107,2,400
270207,2,670
270307,2,260
270191,2,640
270291,2,550
270391,2,530
270155,2,260
270255,2,690
270355,2,690
470201,2,630
270109,2,450
270209,2,410
270309,2,490
270197,2,600
270297,2,380
270397,2,230
2701C2,2,670
2702C2,2,210
2703C2,2,260
270136,2,410
270236,2,490
270336,2,200
270194,2,270
270294,2,600
270394,2,300
270116,2,330
270316,2,290
2702AD,2,530
270137,2,320
270237,2,200
270337,2,240
270123,2,310
270223,2,580
270323,2,660
270198,3,470
270398,3,500
2212010191,3,260
270112,3,220
270212,3,650
2213013691,3,240
270182,3,280
270282,3,460
270382,3,290
2701AH,3,230
2702AH,3,370
2703AH,3,500
270113,3,620
270213,3,570
270313,3,660
270145,3,690
270245,3,620
270453,3,670
2701C1,3,490
2703C1,3,250
2212013701,3,690
2701BF,3,270
2702BF,3,240
2212013801,3,620
2213013801,3,390
2701BI,3,250
2702BI,3,520
2213013991,3,530
270268,3,210
270368,3,290
2701B4,3,430
2702B4,3,570
2703B4,3,590
2702BC,3,410
2703BC,3,420
2702AT,3,630
2703AT,3,560
2701BD,3,360
2702BD,3,420
2703BD,3,610
2701AP,3,270
2702AP,3,340
2703AP,3,650
2701B3,3,550
2702B3,3,620
2703B3,3,480
2701AQ,3,400
2702AQ,3,370
2703AQ,3,350
2701B6,3,570
2702B6,3,640
2703B6,3,530
2701B2,3,330
2702B2,3,520
2703B2,3,330
2701B9,3,450
2702B9,3,490
2703B9,3,530
270281,3,590
270381,3,430
2701C6,3,550
2702C6,3,290
2703C6,3,370
270149,3,500
270249,3,690
270349,3,560
270A73,3,200
270B73,3,470
270256,3,530
270356,3,280
270248,4,280
270348,4,680
270201,4,530
270301,4,660
270219,4,570
270319,4,570
2702C5,4,470
2703C5,4,340
2211014101,4,330
2701A7,4,390
2702A7,4,350
2703A7,4,600
270144,4,640
270244,4,650
270344,4,260
270111,4,420
270211,4,560
270311,4,610
270125,4,670
270225,4,420
2213014201,4,360
270128,4,380
270228,4,440
270328,4,390
2701A9,4,570
2702A9,4,300
2703A9,4,410
2701BL,4,450
2702BL,4,500
2703BL,4,600
2701AA,4,430
2702AA,4,440
2703AA,4,520
2701AM,4,320
2702AM,4,650
2703AM,4,510
270284,4,450
270384,4,640
270164,4,280
270264,4,610
2213014301,4,340
270157,4,250
270257,4,460
270357,4,300
2702A2,4,220
2703A2,4,300
270179,4,330
270279,4,380
270186,4,540
270286,4,360
270386,4,480
2211014401,4,480
2212014401,4,530
2213014491,4,240
2701BO,4,290
2702BO,4,670
2703BO,4,260
2701C4,4,620
2702C4,4,290
2703C4,4,200
270189,4,270
270289,4,290
270389,4,630
270269,4,350
218310,4,370
270216,4,550
270105,4,600
270205,4,590
270305,4,230
270127,4,300
270227,5,230
270327,5,240
2706AU,5,400
2706AS,5,320
409002,5,440
2701AC,5,680
2702AC,5,530
2703AC,5,260
2701AK,5,600
2702AK,5,460
2703AK,5,220
270267,5,550
270367,5,270
270229,5,450
270329,5,510
270274,5,460
270132,5,650
270232,5,650
270332,5,520
270122,5,480
270222,5,550
270322,5,460
270142,5,290
270242,5,210
270342,5,690
2702AG,5,200
2703AG,5,640
270187,5,330
270287,5,580
270387,5,560
270104,5,250
270204,5,400
270304,5,560
2701A1,5,410
2702A1,5,200
2703A1,5,290
2701AI,5,220
2702AI,5,420
2703AI,5,310
270271,5,660
270371,5,490
270283,5,690
270383,5,470
270117,5,290
270217,5,660
270317,5,510
2702A8,5,400
2703A8,5,650
270121,5,610
270221,5,630
270321,5,300
270188,5,230
270288,5,410
270388,5,490
270258,5,400
270358,5,480
2702A6,5,270
2703A6,5,420
270202,5,550
270302,5,670
270180,5,210
270280,5,210
270380,5,470
270160,5,480
270260,5,270
270360,5,560
270143,5,520
270243,5,640
270343,5,680
270115,5,290
270215,5,410
270315,5,350
2945000108,1,300
2415070102,1,500
276FDN,1,400
276EDL,1,250
286594,1,250
2865F4,1,310
276JDG,1,230
276FDH,1,630
286056,1,620
276GDS,1,610
296002,1,340
2945000103,1,660
2767JU,1,630
296001,1,620
2415000107,1,230
2415000119,1,440
2865B4,1,490
2945000108,2,390
2415070102,2,630
276FDN,2,280
276EDL,2,270
286594,2,600
2865F4,2,390
276JDG,2,430
276FDH,2,280
286056,2,600
276GDS,2,220
296002,2,340
2945000103,2,500
2767JU,2,290
296001,2,470
2415000107,2,650
2415000119,2,450
2865B4,2,240
2945000108,3,590
2415070102,3,530
276FDN,3,510
276EDL,3,450
286594,3,510
2865F4,3,450
276JDG,3,470
276FDH,3,450
286056,3,480
276GDS,3,500
296002,3,210
2945000103,3,270
2767JU,3,560
296001,3,640
2415000107,3,480
2415000119,3,370
2865B4,3,460
2945000108,4,210
2415070102,4,430
276FDN,4,250
276EDL,4,220
286594,4,530
2865F4,4,320
276JDG,4,420
276FDH,4,510
286056,4,260
276GDS,4,620
296002,4,430
2945000103,4,560
2767JU,4,300
296001,4,630
2415000107,4,520
2415000119,4,340
2865B4,4,620
2945000108,5,660
2415070102,5,540
276FDN,5,570
276EDL,5,410
286594,5,590
2865F4,5,450
276JDG,5,210
276FDH,5,480
286056,5,320
276GDS,5,440
296002,5,440
2945000103,5,420
2767JU,5,550
296001,5,260
2415000107,5,260
2415000119,5,250
2865B4,5,260
276FDE,1,610
2867AE,1,540
286586,1,220
2867QK,1,640
28668C,1,390
2415000121,1,540
286055,1,270
2865S4,1,300
286544,1,680
286437,1,350
286300,1,290
286CVG,1,220
2765TU,1,610
276KTU,1,450
2862T3,1,460
2945000005,1,220
27654U,1,540
2862Y3,1,420
2860Z2,2,610
2860I6,2,240
2867II,2,390
286213,2,680
276DKV,2,690
2863VN,2,200
286ECD,2,230
276F8N,2,360
2415000110,2,630
276FSH,2,250
276FSE,2,270
4424050001,2,250
418102,2,510
8008,2,640
286878,2,270
286011,2,530
276DCV,2,330
276GCX,2,280
276DCU,3,540
2868D8,3,210
2768IQ,3,590
2767IH,3,240
2866HI,3,420
2866HJ,3,610
286G010001,3,470
4434020001,3,480
4434020002,3,400
2765AU,3,370
27658U,3,210
418101,3,380
276KCU,3,670
8010,3,490
8011,3,370
8002,3,450
8001,3,200
286KJI,3,610
286CCG,4,460
418303,4,290
276LFY,4,600
276FFL,4,400
286022,4,640
400101,4,360
400201,4,570
2869UL,4,540
2415000209,4,320
286370,4,530
286F20,4,690
418201,4,500
296384,4,510
2434010001,4,600
286DW1,4,630
2863V1,4,400
296343,4,320
2434010002,4,540
418302,5,230
418301,5,200
2434000005,5,330
286DMA,5,560
418004,5,350
418005,5,460
418011,5,210
418008,5,570
418007,5,360
418003,5,290
286DK1,5,410
418010,5,530
418001,5,550
418012,5,290
2865PD,5,490
286D0B,5,570
2863CB,5,510
276DNA,5,640
286D0A,5,630
2863CA,5,480
286A0D,5,390
286ACD,5,440