1,1/1/10,17984201
2,1/2/10,59359314
3,1/3/10,11159788
4,1/4/10,81710505
5,1/5/10,16404956
6,1/6/10,92552376
7,1/7/10,82470125
8,1/8/10,7120398
9,1/9/10,21529117
10,1/10/10,90969347
11,1/11/10,8880448
12,1/12/10,27864155
13,1/13/10,64610554
14,1/14/10,499975
15,1/15/10,78125145
16,1/16/10,746108
17,1/17/10,67741305
18,1/18/10,4780924
19,1/19/10,1712896
20,1/20/10,22159592
21,1/21/10,11666700
22,1/22/10,26831796
23,1/23/10,37450360
24,1/24/10,90816182
25,1/25/10,94713779
26,1/26/10,64610554
27,1/27/10,26766246
28,1/28/10,2584455
29,1/29/10,47079810
30,1/30/10,77397967
31,1/31/10,28867985
32,2/1/10,79786277
33,2/2/10,52739559
34,2/3/10,61569878
35,2/4/10,10069593
36,2/5/10,95363426
37,2/6/10,88362910
38,2/7/10,58127138
39,2/8/10,13799912
40,2/9/10,76654856
41,2/10/10,43883805
42,2/11/10,45440104
43,2/12/10,83930644
44,2/13/10,2731827
45,2/14/10,18085356
46,2/15/10,53386032
47,2/15/10,64549532
48,2/16/10,69765753
49,2/17/10,3576588
50,2/18/10,48484186
51,2/19/10,31381479
52,2/20/10,41108004
53,2/21/10,18857880
54,2/22/10,93568391
55,2/23/10,26733270
56,2/24/10,81881710
57,2/25/10,68512430
58,2/26/10,7946990
59,2/27/10,19324963
60,2/28/10,93034139
61,3/1/10,22794153
62,3/2/10,81710505
63,3/3/10,6402026
64,3/4/10,96092207
65,3/5/10,93508859
66,3/6/10,39653755
67,3/7/10,20362733
68,3/8/10,43543557
69,3/9/10,69856153
70,3/10/10,18761667
71,3/11/10,97262294
72,3/12/10,45964062
73,3/12/10,64549532
74,3/13/10,22878417
75,3/14/10,38569233
76,3/15/10,55982742
77,3/16/10,52127903
78,3/17/10,24057171
79,3/18/10,27833162
80,3/19/10,8761173
81,3/20/10,66016081
82,3/21/10,40201793
83,3/22/10,50865319
84,3/23/10,84588517
85,3/24/10,5057444
86,3/25/10,48732121
87,3/26/10,22392442
88,3/27/10,56562074
89,3/28/10,8990525
90,3/29/10,48926081
91,3/30/10,8453397
92,3/31/10,14059738
93,4/1/10,85566280
94,4/2/10,69765753
95,4/3/10,6465482
96,4/4/10,95832851
97,4/5/10,73890948
98,4/6/10,29163103
99,4/7/10,82905253
100,4/8/10,22679114
101,4/9/10,9863852
102,4/10/10,88191888
103,4/11/10,42602894
104,4/12/10,46635783
105,4/13/10,755169
106,4/14/10,97951102
107,4/15/10,59913279
108,4/16/10,68883787
109,4/17/10,66650275
110,4/18/10,30337664
111,4/19/10,26784416
112,4/20/10,59265623
113,4/21/10,1744577
114,4/22/10,78171304
115,4/23/10,84588517
116,4/24/10,85567142
117,4/25/10,81701666
118,4/26/10,68676540
119,4/27/10,3975466
120,4/28/10,88992806
121,4/29/10,53996653
122,4/30/10,59359314
123,5/1/10,98234260
124,5/2/10,76654856
125,5/3/10,89690028
126,5/4/10,14886117
127,5/5/10,72756665
128,5/6/10,67411720
129,5/7/10,59490672
130,5/8/10,23989058
131,5/9/10,48732121
132,5/10/10,56240711
133,5/11/10,71466230
134,5/12/10,8761173
135,5/13/10,70079562
136,5/14/10,2584455
137,5/15/10,185742
138,5/16/10,77045622
139,5/17/10,87654604
140,5/18/10,46204753
141,5/19/10,81701666
142,5/20/10,82905253
143,5/21/10,26831796
144,5/22/10,21491350
145,5/23/10,68512430
146,5/24/10,20793152
147,5/25/10,96092207
148,5/26/10,88146445
149,5/27/10,45659540
150,5/28/10,47887300
151,5/29/10,4554962
152,5/30/10,61955226
153,5/31/10,78398330
154,6/1/10,32823361
155,6/2/10,64610554
156,6/3/10,13298781
157,6/4/10,31313467
158,6/5/10,98497822
159,6/6/10,5273775
160,6/7/10,34220115
161,6/8/10,31313467
162,6/9/10,65901997
163,6/10/10,58908293
164,6/11/10,21117580
165,6/12/10,50865319
166,6/13/10,99577484
167,6/14/10,22886602
168,6/15/10,12870974
169,6/16/10,27728984
170,6/17/10,82489027
171,6/18/10,30337664
172,6/19/10,45440104
173,6/20/10,13688511
174,6/21/10,41061074
175,6/22/10,37244538
176,6/23/10,60553103
177,6/23/10,56482198
178,6/24/10,9368354
179,6/25/10,60210289
180,6/26/10,13630881
181,6/27/10,22751691
182,6/28/10,91281142
183,6/29/10,59122062
184,6/30/10,40126016
185,7/1/10,98931778
186,7/2/10,1391394
187,7/3/10,21637365
188,7/4/10,10224298
189,7/5/10,45759809
190,7/6/10,32234110
191,7/7/10,48750155
192,7/8/10,48750155
193,7/9/10,84885394
194,7/10/10,77966252
195,7/11/10,83461978
196,7/12/10,4227288
197,7/13/10,56995465
198,7/14/10,65992130
199,7/15/10,3785830
200,7/16/10,17864013
201,7/17/10,38540530
202,7/18/10,99256334
203,7/19/10,7946990
204,7/20/10,46787587
205,7/21/10,87376756
206,7/22/10,29548825
207,7/23/10,4595889
208,7/24/10,97861544
209,7/25/10,7579367
210,7/26/10,89059926
211,7/27/10,78766659
212,7/28/10,68952113
213,7/29/10,95539522
214,7/30/10,24201033
215,7/31/10,70310085
216,8/1/10,70017686
217,8/2/10,17768994
218,8/3/10,72106731
219,8/4/10,46787587
220,8/5/10,27644559
221,8/6/10,48484186
222,8/7/10,61863743
223,8/8/10,85447290
224,8/9/10,46533538
225,8/10/10,90816182
226,8/11/10,75605070
227,8/12/10,86231058
228,8/13/10,26034581
229,8/14/10,11970177
230,8/15/10,99856101
231,8/16/10,23145699
232,8/17/10,28678334
233,8/18/10,90901755
234,8/19/10,2409107
235,8/19/10,14497941
236,8/20/10,75681320
237,8/21/10,22508034
238,8/22/10,18857880
239,8/23/10,55422654
240,8/24/10,16404956
241,8/25/10,68676540
242,8/26/10,9695097
243,8/27/10,54406882
244,8/28/10,18580046
245,8/29/10,5242551
246,8/30/10,24351002
247,8/31/10,88013224
248,9/1/10,85566280
249,9/2/10,9621334
250,9/3/10,71174082
251,9/4/10,79984015
252,9/5/10,56529511
253,9/6/10,60792939
254,9/7/10,26784416
255,9/8/10,51555682
256,9/9/10,35531927
257,9/10/10,59348998
258,9/11/10,2310807
259,9/12/10,81688363
260,9/13/10,19052991
261,9/14/10,84372610
262,9/15/10,57250830
263,9/16/10,83461978
264,9/17/10,64072032
265,9/18/10,32963871
266,9/19/10,50720950
267,9/19/10,79786277
268,9/20/10,89114762
269,9/21/10,98288550
270,9/22/10,10069593
271,9/23/10,66909660
272,9/24/10,36861184
273,9/25/10,68799845
274,9/26/10,93568391
275,9/27/10,13789112
276,9/28/10,9155758
277,9/28/10,5890068
278,9/29/10,64072032
279,9/30/10,71652728
280,10/1/10,65901997
281,10/2/10,34772771
282,10/3/10,66496857
283,10/4/10,64072032
284,10/4/10,43786700
285,10/5/10,86269559
286,10/6/10,73889021
287,10/7/10,24716980
288,10/8/10,8329123
289,10/9/10,22537041
290,10/10/10,59490672
291,10/11/10,17898020
292,10/12/10,96270326
293,10/13/10,93568391
294,10/14/10,27245218
295,10/15/10,78171304
296,10/16/10,84885394
297,10/17/10,45460306
298,10/18/10,58628854
299,10/19/10,24284271
300,10/20/10,60675339
301,10/21/10,17372400
302,10/22/10,66650275
303,10/23/10,68299960
304,10/24/10,72976933
305,10/25/10,65022915
306,10/26/10,6530546
307,10/27/10,28911064
308,10/28/10,115952
309,10/29/10,27472489
310,10/30/10,11546851
311,10/31/10,26321062
312,11/1/10,85447290
313,11/2/10,23409465
314,11/3/10,82346705
315,11/4/10,58297580
316,11/5/10,88362910
317,11/6/10,7633587
318,11/7/10,16968368
319,11/8/10,46787587
320,11/9/10,43782821
321,11/10/10,33665308
322,11/11/10,75313636
323,11/12/10,473480
324,11/13/10,30984708
325,11/14/10,69480216
326,11/15/10,80684496
327,11/16/10,42794553
328,11/17/10,37450360
329,11/18/10,61289855
330,11/19/10,70377162
331,11/20/10,87704380
332,11/21/10,30884235
333,11/22/10,91322174
334,11/23/10,54774834
335,11/24/10,84588517
336,11/25/10,6402026
337,11/26/10,27199765
338,11/27/10,94453387
339,11/28/10,40937027
340,11/29/10,78704702
341,11/30/10,64153401
342,12/1/10,44729879
343,12/2/10,68299960
344,12/3/10,96585023
345,12/4/10,99606006
346,12/5/10,97861544
347,12/6/10,79984015
348,12/7/10,77478938
349,12/8/10,94624038
350,12/9/10,23777632
351,12/10/10,26321062
352,12/11/10,44767317
353,12/12/10,24538413
354,12/13/10,79984015
355,12/14/10,28731592
356,12/15/10,66721691
357,12/16/10,84862981
358,12/17/10,67670137
359,12/18/10,81809067
360,12/19/10,62869151
361,12/20/10,78125145
362,12/21/10,6530546
363,12/22/10,18580046
364,12/23/10,17768994
365,12/24/10,70413261
366,12/25/10,19392327
367,12/26/10,32509041
368,12/27/10,88326552
369,12/28/10,41709386
370,12/29/10,43904381
371,12/30/10,58575445
372,12/31/10,85161771
373,1/1/11,67747188
374,1/2/11,10244080
375,1/3/11,40167198
376,1/4/11,18421450
377,1/5/11,56995465
378,1/6/11,31789373
379,1/7/11,98386293
380,1/8/11,17298678
381,1/9/11,81809067
382,1/10/11,94713779
383,1/11/11,3921233
384,1/12/11,88889444
385,1/13/11,22514635
386,1/14/11,655373
387,1/15/11,33214214
388,1/16/11,73847681
389,1/17/11,16208215
390,1/18/11,63283295
391,1/19/11,3849667
392,1/20/11,23762180
393,1/21/11,85475379
394,1/22/11,7524541
395,1/23/11,23145699
396,1/24/11,19231313
397,1/25/11,77666483
398,1/26/11,80137027
399,1/27/11,33653965
400,1/28/11,32963871
401,1/29/11,3681169
402,1/30/11,33653965
403,1/31/11,60889855
404,2/1/11,22679114
405,2/2/11,81273988
406,2/3/11,61863743
407,2/4/11,3921233
408,2/5/11,75137653
409,2/6/11,43904381
410,2/7/11,97265336
411,2/8/11,29760672
412,2/9/11,26733270
413,2/10/11,35024161
414,2/11/11,71783283
415,2/12/11,9863852
416,2/13/11,20362733
417,2/14/11,3975466
418,2/14/11,1744577
419,2/15/11,93507095
420,2/16/11,31574919
421,2/17/11,59117651
422,2/18/11,18348821
423,2/19/11,51398814
424,2/20/11,8453397
425,2/21/11,61901691
426,2/22/11,44729879
427,2/23/11,90901755
428,2/24/11,5830620
429,2/25/11,23581299
430,2/26/11,72334820
431,2/27/11,4541598
432,2/28/11,59790697
433,3/1/11,18592086
434,3/2/11,37435140
435,3/3/11,54680825
436,3/4/11,40201793
437,3/5/11,17783333
438,3/6/11,56482198
439,3/7/11,43371377
440,3/8/11,6530546
441,3/9/11,39475032
442,3/10/11,4920233
443,3/11/11,37435140
444,3/12/11,14969451
445,3/13/11,44564565
446,3/14/11,94212944
447,3/15/11,89719232
448,3/16/11,37244538
449,3/17/11,13869388
450,3/18/11,78704702
451,3/19/11,20554892
452,3/20/11,7524541
453,3/21/11,36659093
454,3/22/11,51168125
455,3/23/11,12123611
456,3/24/11,89807831
457,3/25/11,10224298
458,3/26/11,46679758
459,3/27/11,62256788
460,3/28/11,88833465
461,3/29/11,82346705
462,3/30/11,43595992
463,3/31/11,88191888
464,4/1/11,53386032
465,4/2/11,68084235
466,4/3/11,31883902
467,4/4/11,55556011
468,4/5/11,45964062
469,4/6/11,20439220
470,4/7/11,23409465
471,4/8/11,37254320
472,4/9/11,50718830
473,4/10/11,13630881
474,4/11/11,48038642
475,4/12/11,97602549
476,4/13/11,37490067
477,4/14/11,3681169
478,4/15/11,21300998
479,4/16/11,15510616
480,4/17/11,75313636
481,4/18/11,66909660
482,4/19/11,77966252
483,4/20/11,56654796
484,4/21/11,35530915
485,4/22/11,27245218
486,4/23/11,43595992
487,4/23/11,94434568
488,4/24/11,76047291
489,4/25/11,97951102
490,4/26/11,41916936
491,4/27/11,52834786
492,4/28/11,86566838
493,4/29/11,98870401
494,4/30/11,87092203
495,5/1/11,43786700
496,5/2/11,72106731
497,5/3/11,71375462
498,5/4/11,19324963
499,5/5/11,82540285
500,5/6/11,67872712
501,5/7/11,92552376
502,5/8/11,37435140
503,5/9/11,98668316
504,5/9/11,15573911
505,5/10/11,28326914
506,5/11/11,7450604
507,5/12/11,75458603
508,5/13/11,29939622
509,5/14/11,15948475
510,5/15/11,89287660
511,5/16/11,90901755
512,5/17/11,51906328
513,5/18/11,34772771
514,5/19/11,41578759
515,5/20/11,56562074
516,5/21/11,9695097
517,5/22/11,27472489
518,5/23/11,88927969
519,5/24/11,72756665
520,5/25/11,71284007
521,5/26/11,43904381
522,5/27/11,93916882
523,5/28/11,50718830
524,5/29/11,70377162
525,5/30/11,19433102
526,5/31/11,16968368
527,6/1/11,81257061
528,6/2/11,93315478
529,6/3/11,27230087
530,6/4/11,91271580
531,6/5/11,30677299
532,6/6/11,47887300
533,6/7/11,73889021
534,6/8/11,17137190
535,6/9/11,59401854
536,6/10/11,87376756
537,6/11/11,44206472
538,6/12/11,39878138
539,6/13/11,7168874
540,6/14/11,5196976
541,6/15/11,9172955
542,6/16/11,67176144
543,6/17/11,5890068
544,6/18/11,72231412
545,6/19/11,70254189
546,6/20/11,41493948
547,6/21/11,11159788
548,6/22/11,21491350
549,6/23/11,87601164
550,6/24/11,23762180
551,6/25/11,22485243
552,6/26/11,27644559
553,6/27/11,51449532
554,6/28/11,88266335
555,6/29/11,32823361
556,6/30/11,5273775
557,7/1/11,49641076
558,7/2/11,78766659
559,7/3/11,62869151
560,7/4/11,3063103
561,7/5/11,46545096
562,7/6/11,63242052
563,7/6/11,17757940
564,7/7/11,21637365
565,7/8/11,46533538
566,7/9/11,51733607
567,7/10/11,77045622
568,7/11/11,70940349
569,7/12/11,90138139
570,7/13/11,83646308
571,7/14/11,91746217
572,7/15/11,70933962
573,7/16/11,51398814
574,7/17/11,87844314
575,7/18/11,2062565
576,7/19/11,59026449
577,7/20/11,11567161
578,7/21/11,62899972
579,7/22/11,69279029
580,7/23/11,55556011
581,7/24/11,69655488
582,7/25/11,89719232
583,7/26/11,86566838
584,7/27/11,96108147
585,7/28/11,37796177
586,7/29/11,52717543
587,7/30/11,37929133
588,7/31/11,83646308
589,8/1/11,56995465
590,8/2/11,7120398
591,8/3/11,21259946
592,8/4/11,2984268
593,8/5/11,15613033
594,8/6/11,70074080
595,8/7/11,38834734
596,8/8/11,54910387
597,8/9/11,26034581
598,8/10/11,28911064
599,8/11/11,80062180
600,8/12/11,93834917
601,8/13/11,94985724
602,8/14/11,60210289
603,8/15/11,50424477
604,8/16/11,32466207
605,8/17/11,18865182
606,8/18/11,27245218
607,8/19/11,3395467
608,8/20/11,63645861
609,8/21/11,80266427
610,8/22/11,27864155
611,8/23/11,29828000
612,8/24/11,21300998
613,8/25/11,32977587
614,8/26/11,39854186
615,8/27/11,36157388
616,8/28/11,97602549
617,8/29/11,23461580
618,8/30/11,9695097
619,8/31/11,69856153
620,9/1/11,61128708
621,9/2/11,7450604
622,9/3/11,48926081
623,9/4/11,17379270
624,9/5/11,93084426
625,9/6/11,66566569
626,9/7/11,55176227
627,9/8/11,98544035
628,9/9/11,67507119
629,9/10/11,74927928
630,9/11/11,8559820
631,9/12/11,67507119
632,9/13/11,59348998
633,9/14/11,33061484
634,9/15/11,22159592
635,9/16/11,9621334
636,9/17/11,70933962
637,9/18/11,71174082
638,9/19/11,45559700
639,9/20/11,59913279
640,9/21/11,42842139
641,9/22/11,26735426
642,9/23/11,55176227
643,9/24/11,13047673
644,9/25/11,88844694
645,9/26/11,5358746
646,9/27/11,54258774
647,9/28/11,97861544
648,9/29/11,61289855
649,9/30/11,42794553
650,10/1/11,24351002
651,10/2/11,44564565
652,10/3/11,75137653
653,10/4/11,72242227
654,10/5/11,69116927
655,10/6/11,96702952
656,10/7/11,41061074
657,10/8/11,32895007
658,10/9/11,57364817
659,10/10/11,5986408
660,10/11/11,5242551
661,10/12/11,30512992
662,10/13/11,4920233
663,10/14/11,89287660
664,10/14/11,91346827
665,10/15/11,86486602
666,10/16/11,4373953
667,10/17/11,94713779
668,10/18/11,69365186
669,10/19/11,28716630
670,10/20/11,85567142
671,10/21/11,43543557
672,10/22/11,72709352
673,10/23/11,95832851
674,10/24/11,69283250
675,10/24/11,93686581
676,10/25/11,13861803
677,10/26/11,9314319
678,10/27/11,30677299
679,10/28/11,21637365
680,10/29/11,13430683
681,10/29/11,20000511
682,10/30/11,10756270
683,10/31/11,30625
684,11/1/11,69365186
685,11/2/11,5074410
686,11/3/11,24716980
687,11/4/11,32785529
688,11/5/11,55571284
689,11/6/11,27472489
690,11/7/11,30041838
691,11/8/11,6929266
692,11/9/11,20036999
693,11/10/11,32895007
694,11/11/11,88013224
695,11/12/11,88146445
696,11/13/11,88140241
697,11/14/11,37399011
698,11/15/11,49049938
699,11/16/11,8634306
700,11/17/11,19433102
701,11/18/11,84514978
702,11/19/11,13861803
703,11/20/11,47997329
704,11/21/11,52525842
705,11/22/11,65106374
706,11/23/11,66877186
707,11/24/11,4161813
708,11/25/11,11253594
709,11/26/11,5196976
710,11/27/11,98435149
711,11/28/11,32060657
712,11/29/11,59026449
713,11/30/11,2310807
714,12/1/11,10697152
715,12/2/11,97602549
716,12/3/11,91390968
717,12/4/11,34658080
718,12/5/11,86738937
719,12/5/11,87442389
720,12/6/11,68512430
721,12/7/11,69154409
722,12/8/11,76047291
723,12/9/11,22751691
724,12/10/11,30211472
725,12/11/11,43543557
726,12/12/11,71612300
727,12/13/11,11253594
728,12/14/11,79417131
729,12/15/11,72546278
730,12/16/11,39878138
731,12/17/11,77397967
732,12/18/11,61128708
733,12/19/11,92760179
734,12/20/11,82349085
735,12/21/11,82875876
736,12/21/11,45460306
737,12/22/11,18857880
738,12/23/11,8761173
739,12/24/11,55422654
740,12/25/11,14003990
741,12/26/11,27694415
742,12/27/11,98031915
743,12/28/11,13506208
744,12/29/11,54910387
745,12/30/11,39793616
746,12/31/11,49793243
747,1/1/12,43812528
748,1/2/12,35608498
749,1/3/12,10159429
750,1/4/12,9368354
751,1/5/12,38060179
752,1/6/12,87652783
753,1/7/12,53098400
754,1/8/12,27644559
755,1/9/12,1707767
756,1/10/12,15510616
757,1/11/12,77666483
758,1/12/12,24284271
759,1/13/12,22392442
760,1/14/12,8140001
761,1/15/12,94985724
762,1/16/12,58575445
763,1/17/12,98668316
764,1/18/12,97397346
765,1/19/12,20109606
766,1/20/12,94725896
767,1/20/12,19231313
768,1/21/12,43883805
769,1/22/12,2984268
770,1/23/12,2062565
771,1/24/12,21439837
772,1/25/12,78999689
773,1/26/12,56288740
774,1/27/12,65934176
775,1/28/12,97814560
776,1/29/12,81948831
777,1/30/12,83898012
778,1/31/12,6529467
779,2/1/12,21300998
780,2/1/12,29828000
781,2/2/12,23056074
782,2/3/12,15573911
783,2/4/12,57626690
784,2/5/12,39074919
785,2/6/12,94985724
786,2/7/12,82875876
787,2/8/12,50777453
788,2/9/12,89069921
789,2/10/12,57023524
790,2/11/12,85209508
791,2/12/12,59790697
792,2/13/12,94777467
793,2/14/12,9055424
794,2/15/12,62899972
795,2/16/12,73363124
796,2/17/12,11324866
797,2/18/12,92813372
798,2/19/12,99462010
799,2/20/12,24386478
800,2/21/12,14886117
801,2/22/12,69655488
802,2/23/12,85566280
803,2/24/12,51555682
804,2/25/12,98833229
805,2/26/12,40353165
806,2/27/12,13861803
807,2/28/12,36956802
808,2/29/12,15948475
809,3/1/12,29163103
810,3/2/12,5133287
811,3/3/12,95103843
812,3/4/12,86738937
813,3/5/12,3950560
814,3/6/12,89719232
815,3/7/12,83888944
816,3/8/12,86039133
817,3/9/12,24457537
818,3/10/12,85121456
819,3/10/12,573404
820,3/11/12,73890948
821,3/12/12,2015399
822,3/13/12,36597528
823,3/14/12,36695255
824,3/15/12,26730521
825,3/16/12,87704380
826,3/17/12,2201900
827,3/18/12,89823824
828,3/19/12,95156199
829,3/20/12,33214214
830,3/21/12,11125200
831,3/22/12,7450604
832,3/23/12,63612004
833,3/24/12,85161771
834,3/25/12,60317245
835,3/26/12,51449532
836,3/27/12,11159788
837,3/28/12,98438869
838,3/29/12,13226562
839,3/30/12,16742674
840,3/31/12,16515123
841,4/1/12,33665308
842,4/2/12,13475152
843,4/3/12,31574919
844,4/4/12,49049938
845,4/5/12,5358746
846,4/6/12,5005148
847,4/7/12,93064017
848,4/8/12,22508034
849,4/9/12,48038642
850,4/10/12,5242551
851,4/11/12,95103843
852,4/12/12,38060179
853,4/13/12,81827591
854,4/14/12,64812564
855,4/15/12,74468281
856,4/16/12,80266427
857,4/17/12,71652728
858,4/18/12,5318485
859,4/19/12,755169
860,4/20/12,72756665
861,4/21/12,80275692
862,4/22/12,10697152
863,4/23/12,79786277
864,4/24/12,33780107
865,4/25/12,51555682
866,4/26/12,57278788
867,4/27/12,16322764
868,4/28/12,68799845
869,4/29/12,47997329
870,4/30/12,64373385
871,5/1/12,56015809
872,5/2/12,47490583
873,5/3/12,81257061
874,5/4/12,55300969
875,5/5/12,22537041
876,5/6/12,45893916
877,5/7/12,33082380
878,5/8/12,21491350
879,5/9/12,85566280
880,5/10/12,51391984
881,5/11/12,6529467
882,5/12/12,75137653
883,5/13/12,16742674
884,5/13/12,26709627
885,5/14/12,9586787
886,5/15/12,75507634
887,5/16/12,28525854
888,5/17/12,60792939
889,5/18/12,81701666
890,5/19/12,43450172
891,5/20/12,98386293
892,5/21/12,64812564
893,5/22/12,23409465
894,5/23/12,20109606
895,5/24/12,32895007
896,5/25/12,40072635
897,5/26/12,36293208
898,5/27/12,68677409
899,5/28/12,69283250
900,5/29/12,88146445
901,5/30/12,57023524
902,5/31/12,59490672
903,6/1/12,25127053
904,6/2/12,30489508
905,6/3/12,32541597
906,6/4/12,11666700
907,6/5/12,26735426
908,6/6/12,97946701
909,6/7/12,62360903
910,6/8/12,56482198
911,6/9/12,78398330
912,6/10/12,88140241
913,6/11/12,17137190
914,6/12/12,91557437
915,6/13/12,85790898
916,6/14/12,28678334
917,6/15/12,62885522
918,6/16/12,23610432
919,6/17/12,79354849
920,6/18/12,39878138
921,6/19/12,55571284
922,6/20/12,15613033
923,6/21/12,31830598
924,6/22/12,20648901
925,6/23/12,38056374
926,6/24/12,84514978
927,6/25/12,30561846
928,6/26/12,5397487
929,6/27/12,25499412
930,6/28/12,254791
931,6/29/12,24457537
932,6/30/12,27651757
933,7/1/12,7740090
934,7/2/12,8559820
935,7/3/12,88106109
936,7/4/12,95156199
937,7/5/12,26508465
938,7/6/12,4935407
939,7/7/12,4450382
940,7/8/12,89853192
941,7/9/12,60553103
942,7/10/12,7454040
943,7/11/12,43782821
944,7/12/12,11277990
945,7/13/12,19231313
946,7/14/12,51900787
947,7/15/12,44729879
948,7/16/12,61955226
949,7/17/12,563457
950,7/18/12,60364623
951,7/19/12,30840785
952,7/20/12,33226705
953,7/21/12,48038642
954,7/22/12,11970177
955,7/23/12,14628914
956,7/23/12,37490067
957,7/24/12,94777467
958,7/25/12,59301341
959,7/26/12,37399011
960,7/27/12,73861772
961,7/28/12,54680825
962,7/29/12,26730521
963,7/30/12,57981980
964,7/31/12,96418649
965,8/1/12,75507634
966,8/2/12,473480
967,8/3/12,53098400
968,8/4/12,4254763
969,8/5/12,22794153
970,8/6/12,44649616
971,8/7/12,45893916
972,8/8/12,30840785
973,8/9/12,72231412
974,8/10/12,8634306
975,8/11/12,66721691
976,8/12/12,15613033
977,8/13/12,40126016
978,8/14/12,32130771
979,8/15/12,83218541
980,8/16/12,92057578
981,8/17/12,64674663
982,8/18/12,26321062
983,8/19/12,23610432
984,8/20/12,20793152
985,8/21/12,27651757
986,8/22/12,42150456
987,8/23/12,25127053
988,8/24/12,83122118
989,8/25/12,60210289
990,8/26/12,52127903
991,8/27/12,95870669
992,8/28/12,13226562
993,8/29/12,69154409
994,8/30/12,13298781
995,8/31/12,66909660
996,9/1/12,18507198
997,9/2/12,68990429
998,9/3/12,96092207
999,9/4/12,8559820
1000,9/5/12,60889855
1001,9/6/12,71925645
1002,9/7/12,86995711
1003,9/8/12,59117651
1004,9/9/12,70074080
1005,9/10/12,69154409
1006,9/11/12,86575471
1007,9/12/12,32823361
1008,9/13/12,58297580
1009,9/14/12,27833162
1010,9/15/12,185742
1011,9/16/12,67872712
1012,9/17/12,36350941
1013,9/18/12,73890948
1014,9/19/12,9502171
1015,9/20/12,15968265
1016,9/21/12,71783283
1017,9/22/12,19324963
1018,9/23/12,66198036
1019,9/24/12,71783283
1020,9/25/12,41061074
1021,9/26/12,16012008
1022,9/26/12,185742
1023,9/27/12,59301341
1024,9/28/12,48484186
1025,9/29/12,2731827
1026,9/30/12,71466230
1027,10/1/12,83930644
1028,10/2/12,8634306
1029,10/3/12,22097799
1030,10/4/12,17991968
1031,10/5/12,17372400
1032,10/6/12,91548861
1033,10/7/12,22971023
1034,10/8/12,5057444
1035,10/9/12,41578759
1036,10/10/12,90132893
1037,10/11/12,13630881
1038,10/12/12,90066382
1039,10/13/12,16210896
1040,10/14/12,83218541
1041,10/15/12,66272936
1042,10/16/12,82905253
1043,10/17/12,11291663
1044,10/18/12,31574919
1045,10/19/12,80878577
1046,10/20/12,26784416
1047,10/21/12,57981980
1048,10/22/12,89853192
1049,10/23/12,83898012
1050,10/24/12,56089225
1051,10/25/12,30211472
1052,10/26/12,2062565
1053,10/27/12,30888564
1054,10/28/12,5318485
1055,10/29/12,21117580
1056,10/30/12,17767234
1057,10/31/12,24201033
1058,11/1/12,91346827
1059,11/2/12,95633573
1060,11/3/12,21439837
1061,11/4/12,43831611
1062,11/5/12,83218541
1063,11/6/12,82023625
1064,11/7/12,51168125
1065,11/8/12,67731801
1066,11/9/12,3950560
1067,11/10/12,1905045
1068,11/11/12,93034139
1069,11/12/12,49049938
1070,11/13/12,81255831
1071,11/14/12,24927141
1072,11/15/12,27651757
1073,11/16/12,45759809
1074,11/17/12,97472473
1075,11/18/12,28752538
1076,11/18/12,45976249
1077,11/19/12,83372796
1078,11/20/12,2201900
1079,11/21/12,33082380
1080,11/22/12,9314319
1081,11/23/12,4541598
1082,11/24/12,89853192
1083,11/25/12,4227288
1084,11/26/12,5397487
1085,11/27/12,36736368
1086,11/28/12,75542210
1087,11/29/12,83962173
1088,11/30/12,63242052
1089,12/1/12,55300969
1090,12/2/12,22508034
1091,12/3/12,75672728
1092,12/4/12,91271580
1093,12/5/12,98107728
1094,12/6/12,91746217
1095,12/7/12,7524541
1096,12/8/12,69480216
1097,12/9/12,2100042
1098,12/9/12,38540530
1099,12/10/12,22508034
1100,12/11/12,32963871
1101,12/12/12,78548173
1102,12/13/12,9586787
1103,12/14/12,40937027
1104,12/15/12,11159788
1105,12/16/12,32602485
1106,12/17/12,85790898
1107,12/18/12,96702952
1108,12/19/12,96845635
1109,12/20/12,72231412
1110,12/21/12,33872149
1111,12/22/12,90066382
1112,12/23/12,98391185
1113,12/24/12,24351002
1114,12/25/12,98497822
1115,12/26/12,19231313
1116,12/27/12,68084235
1117,12/28/12,41061074
1118,12/29/12,77045622
1119,12/30/12,92496558
1120,12/31/12,69804008
1121,1/1/13,93767019
1122,1/2/13,6317212
1123,1/3/13,17865149
1124,1/4/13,23762180
1125,1/5/13,95156199
1126,1/6/13,47774458
1127,1/7/13,81688363
1128,1/8/13,64153401
1129,1/9/13,33748846
1130,1/10/13,25262465
1131,1/11/13,55176227
1132,1/12/13,22508034
1133,1/12/13,2584455
1134,1/13/13,81255831
1135,1/14/13,71844137
1136,1/15/13,27230087
1137,1/16/13,62360903
1138,1/17/13,31932274
1139,1/18/13,9222932
1140,1/19/13,73839757
1141,1/20/13,50381386
1142,1/21/13,18421450
1143,1/22/13,96363930
1144,1/23/13,7633587
1145,1/24/13,26547348
1146,1/25/13,32955035
1147,1/26/13,20439220
1148,1/27/13,37341244
1149,1/28/13,72976933
1150,1/29/13,18592086
1151,1/30/13,93129903
1152,1/31/13,13506208
1153,1/31/13,20769480
1154,2/1/13,33226705
1155,2/2/13,59452825
1156,2/3/13,84448920
1157,2/4/13,38768145
1158,2/5/13,41250712
1159,2/6/13,20769480
1160,2/7/13,95870669
1161,2/8/13,48208830
1162,2/9/13,6465482
1163,2/10/13,65745321
1164,2/11/13,33732860
1165,2/12/13,96956738
1166,2/13/13,4450382
1167,2/14/13,87652783
1168,2/15/13,13688511
1169,2/16/13,24307805
1170,2/16/13,82470125
1171,2/17/13,47079810
1172,2/18/13,36659093
1173,2/19/13,89719232
1174,2/20/13,28752538
1175,2/21/13,77397967
1176,2/22/13,35463791
1177,2/23/13,95843255
1178,2/24/13,49528224
1179,2/25/13,73890948
1180,2/26/13,10697152
1181,2/27/13,54680825
1182,2/28/13,7569049
1183,3/1/13,54625058
1184,3/2/13,5196976
1185,3/3/13,98833229
1186,3/4/13,5721527
1187,3/5/13,28326914
1188,3/6/13,83962173
1189,3/7/13,35608498
1190,3/8/13,19324963
1191,3/9/13,7740090
1192,3/9/13,39676797
1193,3/10/13,55061392
1194,3/11/13,78548173
1195,3/12/13,68548725
1196,3/13/13,46533538
1197,3/13/13,9679697
1198,3/14/13,55982742
1199,3/15/13,16322764
1200,3/16/13,88191888
1201,3/17/13,30625
1202,3/18/13,90148194
1203,3/19/13,67732238
1204,3/20/13,83372796
1205,3/21/13,98107728
1206,3/22/13,5884795
1207,3/23/13,83930644
1208,3/24/13,88326552
1209,3/25/13,62733847
1210,3/26/13,80062180
1211,3/27/13,44444515
1212,3/28/13,85121456
1213,3/29/13,93095924
1214,3/30/13,81948831
1215,3/31/13,31932274
1216,4/1/13,94212944
1217,4/2/13,46545096
1218,4/3/13,27833162
1219,4/4/13,19231313
1220,4/5/13,68677409
1221,4/6/13,31789373
1222,4/7/13,23610432
1223,4/8/13,70310085
1224,4/9/13,93767019
1225,4/10/13,58050906
1226,4/11/13,55982742
1227,4/12/13,96941296
1228,4/13/13,82023625
1229,4/14/13,17984201
1230,4/15/13,71174082
1231,4/16/13,5057444
1232,4/17/13,3576588
1233,4/18/13,63242052
1234,4/19/13,31830598
1235,4/20/13,46545096
1236,4/21/13,38540530
1237,4/22/13,39274909
1238,4/23/13,29939622
1239,4/24/13,80275692
1240,4/25/13,12562275
1241,4/26/13,38768145
1242,4/27/13,64373385
1243,4/27/13,10302629
1244,4/28/13,47490583
1245,4/29/13,63283295
1246,4/30/13,23777632
1247,5/1/13,59920468
1248,5/2/13,59875222
1249,5/3/13,3063103
1250,5/4/13,86486602
1251,5/5/13,4373953
1252,5/6/13,76239539
1253,5/7/13,8559820
1254,5/8/13,40126016
1255,5/9/13,28716630
1256,5/10/13,19479496
1257,5/11/13,83716714
1258,5/12/13,55556011
1259,5/13/13,96339218
1260,5/14/13,45348140
1261,5/15/13,17783333
1262,5/16/13,57023524
1263,5/17/13,20109606
1264,5/18/13,45559700
1265,5/19/13,36852459
1266,5/20/13,97946701
1267,5/21/13,54909367
1268,5/22/13,91346827
1269,5/23/13,46787587
1270,5/24/13,32669835
1271,5/25/13,8761173
1272,5/26/13,32531951
1273,5/27/13,69480216
1274,5/28/13,98833229
1275,5/29/13,98234260
1276,5/30/13,14059738
1277,5/31/13,83888944
1278,6/1/13,3849667
1279,6/2/13,40937027
1280,6/3/13,15948475
1281,6/4/13,5830620
1282,6/5/13,71441995
1283,6/6/13,55571284
1284,6/7/13,26159229
1285,6/8/13,49049938
1286,6/9/13,33886611
1287,6/10/13,573404
1288,6/11/13,67411720
1289,6/12/13,94624038
1290,6/13/13,62869151
1291,6/14/13,55556011
1292,6/15/13,98435149
1293,6/16/13,5273775
1294,6/17/13,79233001
1295,6/18/13,99577484
1296,6/19/13,49641076
1297,6/20/13,9415292
1298,6/21/13,3849667
1299,6/22/13,8880448
1300,6/23/13,62733847
1301,6/24/13,69765753
1302,6/25/13,50865319
1303,6/26/13,29701843
1304,6/27/13,1289515
1305,6/28/13,97265336
1306,6/28/13,36852459
1307,6/29/13,48208830
1308,6/30/13,85208188
1309,7/1/13,95633573
1310,7/2/13,38834734
1311,7/2/13,35531927
1312,7/3/13,81908691
1313,7/4/13,98391185
1314,7/5/13,39653755
1315,7/6/13,74927928
1316,7/7/13,13643552
1317,7/8/13,13643552
1318,7/9/13,68084235
1319,7/10/13,92496558
1320,7/11/13,22485243
1321,7/12/13,9314319
1322,7/13/13,28731592
1323,7/14/13,13688511
1324,7/15/13,59348998
1325,7/16/13,38857488
1326,7/17/13,52525842
1327,7/18/13,82489027
1328,7/19/13,34723374
1329,7/20/13,94610098
1330,7/21/13,56089225
1331,7/22/13,92552376
1332,7/23/13,67267410
1333,7/24/13,4541598
1334,7/25/13,13272697
1335,7/26/13,66016081
1336,7/27/13,14497663
1337,7/28/13,22679114
1338,7/29/13,78564706
1339,7/30/13,82349085
1340,7/31/13,45163312
1341,8/1/13,51145621
1342,8/2/13,65901997
1343,8/3/13,73847681
1344,8/4/13,10513915
1345,8/5/13,25499412
1346,8/6/13,99462010
1347,8/7/13,54625058
1348,8/8/13,32833057
1349,8/9/13,72334820
1350,8/10/13,32541597
1351,8/11/13,88266335
1352,8/12/13,93165616
1353,8/13/13,98234260
1354,8/14/13,67872712
1355,8/15/13,24538413
1356,8/16/13,57364817
1357,8/17/13,82346705
1358,8/18/13,75511970
1359,8/19/13,52866664
1360,8/20/13,90324123
1361,8/21/13,50203477
1362,8/22/13,84862981
1363,8/23/13,34320242
1364,8/24/13,20554892
1365,8/25/13,3950560
1366,8/26/13,96941296
1367,8/27/13,93174745
1368,8/28/13,31932274
1369,8/29/13,69804008
1370,8/30/13,64789566
1371,8/31/13,75540597
1372,9/1/13,59190892
1373,9/2/13,27199765
1374,9/3/13,56009788
1375,9/4/13,32737958
1376,9/5/13,22794153
1377,9/6/13,98870401
1378,9/7/13,31311396
1379,9/8/13,8880448
1380,9/9/13,65992130
1381,9/10/13,3672705
1382,9/11/13,43883805
1383,9/12/13,72709352
1384,9/13/13,66909660
1385,9/14/13,60675339
1386,9/15/13,9415292
1387,9/16/13,58127138
1388,9/17/13,13861803
1389,9/18/13,5133287
1390,9/19/13,63708793
1391,9/20/13,26508465
1392,9/21/13,22316492
1393,9/22/13,50913135
1394,9/23/13,85567142
1395,9/24/13,30561846
1396,9/25/13,59026449
1397,9/26/13,63708793
1398,9/27/13,82025773
1399,9/28/13,99256334
1400,9/29/13,33780107
1401,9/30/13,39475032
1402,10/1/13,20321749
1403,10/2/13,3395467
1404,10/3/13,90969347
1405,10/4/13,40343594
1406,10/5/13,57364817
1407,10/6/13,30965292
1408,10/7/13,24057171
1409,10/8/13,71612300
1410,10/9/13,24386478
1411,10/10/13,18865182
1412,10/11/13,94741783
1413,10/12/13,62899972
1414,10/13/13,30041838
1415,10/14/13,59920468
1416,10/15/13,40343594
1417,10/15/13,31311396
1418,10/16/13,19052991
1419,10/17/13,46635783
1420,10/18/13,14267208
1421,10/19/13,13430683
1422,10/20/13,2731827
1423,10/21/13,6317212
1424,10/22/13,30041838
1425,10/23/13,92350504
1426,10/24/13,60792939
1427,10/25/13,94511236
1428,10/26/13,74927928
1429,10/27/13,23056074
1430,10/28/13,73839757
1431,10/29/13,33665308
1432,10/30/13,18592086
1433,10/31/13,82457579
1434,11/1/13,1905045
1435,11/2/13,88833465
1436,11/3/13,75866859
1437,11/4/13,14109378
1438,11/5/13,254791
1439,11/6/13,32541597
1440,11/7/13,36597528
1441,11/8/13,17372400
1442,11/9/13,59452825
1443,11/10/13,57023524
1444,11/11/13,81688363
1445,11/12/13,87601164
1446,11/13/13,62899972
1447,11/14/13,26738851
1448,11/15/13,78685379
1449,11/16/13,83461978
1450,11/17/13,77175081
1451,11/18/13,39653755
1452,11/19/13,19721036
1453,11/20/13,70079562
1454,11/21/13,29163103
1455,11/22/13,90132893
1456,11/22/13,23811537
1457,11/23/13,69283250
1458,11/24/13,63591769
1459,11/25/13,85161771
1460,11/26/13,68184498
1461,11/27/13,30888564
1462,11/28/13,83888944
1463,11/29/13,13869388
1464,11/30/13,15071456
1465,12/1/13,14109378
1466,12/2/13,71925645
1467,12/3/13,98561410
1468,12/4/13,1905045
1469,12/5/13,96363930
1470,12/5/13,30650068
1471,12/6/13,42842139
1472,12/7/13,93064017
1473,12/8/13,33732860
1474,12/9/13,11324866
1475,12/10/13,48750155
1476,12/11/13,44649616
1477,12/12/13,69116927
1478,12/13/13,68799845
1479,12/14/13,23762180
1480,12/15/13,99664559
1481,12/16/13,87704380
1482,12/17/13,92350504
1483,12/18/13,88266335
1484,12/19/13,22485243
1485,12/20/13,31932274
1486,12/21/13,85209508
1487,12/22/13,83716714
1488,12/23/13,20769480
1489,12/24/13,69365186
1490,12/25/13,16404956
1491,12/26/13,82540285
1492,12/27/13,53386032
1493,12/28/13,29201041
1494,12/29/13,65934176
1495,12/30/13,90324123
1496,12/31/13,73861772
1497,1/1/14,79635437
1498,1/2/14,57976977
1499,1/3/14,69154409
1500,1/4/14,91259529
1501,1/5/14,9502171
1502,1/6/14,55422654
1503,1/7/14,32509041
1504,1/8/14,85209508
1505,1/9/14,35024161
1506,1/10/14,37341244
1507,1/11/14,15573911
1508,1/12/14,34723374
1509,1/13/14,88992806
1510,1/14/14,78766659
1511,1/15/14,13630881
1512,1/16/14,16012008
1513,1/17/14,1712896
1514,1/18/14,58770611
1515,1/19/14,12870974
1516,1/20/14,85208188
1517,1/21/14,98435149
1518,1/22/14,88137490
1519,1/23/14,27230087
1520,1/24/14,75672728
1521,1/25/14,69116927
1522,1/26/14,99856101
1523,1/27/14,75511970
1524,1/27/14,78766659
1525,1/28/14,94713779
1526,1/29/14,93110636
1527,1/30/14,34658080
1528,1/31/14,21300998
1529,2/1/14,33082380
1530,2/2/14,7120398
1531,2/3/14,41493948
1532,2/4/14,30561846
1533,2/5/14,17767234
1534,2/6/14,22514635
1535,2/7/14,25292223
1536,2/8/14,22514635
1537,2/9/14,3073302
1538,2/10/14,60449335
1539,2/11/14,32130771
1540,2/12/14,5719660
1541,2/13/14,40353165
1542,2/14/14,30337664
1543,2/15/14,40353165
1544,2/16/14,69802744
1545,2/17/14,8636799
1546,2/18/14,73363124
1547,2/19/14,90132893
1548,2/20/14,32737958
1549,2/21/14,746108
1550,2/22/14,71284007
1551,2/23/14,41250712
1552,2/24/14,45832852
1553,2/25/14,13475152
1554,2/26/14,39854186
1555,2/27/14,99606006
1556,2/28/14,22886602
1557,3/1/14,33214214
1558,3/2/14,4780924
1559,3/3/14,22886602
1560,3/4/14,1905045
1561,3/5/14,88137490
1562,3/5/14,7740090
1563,3/6/14,26321062
1564,3/7/14,24457537
1565,3/8/14,20439220
1566,3/9/14,43543557
1567,3/10/14,81273988
1568,3/11/14,52462892
1569,3/12/14,33082380
1570,3/13/14,11970177
1571,3/14/14,88992806
1572,3/15/14,96702952
1573,3/16/14,45163312
1574,3/17/14,40937027
1575,3/18/14,16981772
1576,3/19/14,92057578
1577,3/20/14,72334820
1578,3/21/14,96270326
1579,3/22/14,31311396
1580,3/23/14,71677481
1581,3/24/14,28867985
1582,3/25/14,9222932
1583,3/26/14,97316281
1584,3/27/14,3063103
1585,3/28/14,76249533
1586,3/29/14,69488592
1587,3/30/14,7450604
1588,3/31/14,28716630
1589,4/1/14,59913279
1590,4/2/14,46533538
1591,4/3/14,68799845
1592,4/4/14,6515930
1593,4/5/14,30211472
1594,4/6/14,96702952
1595,4/7/14,90949835
1596,4/8/14,96995726
1597,4/9/14,39676797
1598,4/10/14,36861184
1599,4/11/14,99108098
1600,4/12/14,22878417
1601,4/13/14,33214214
1602,4/14/14,69283250
1603,4/15/14,73889021
1604,4/16/14,48750155
1605,4/17/14,52834786
1606,4/18/14,75681320
1607,4/19/14,40390559
1608,4/20/14,76047291
1609,4/21/14,89823824
1610,4/22/14,68676540
1611,4/23/14,7569049
1612,4/24/14,59875222
1613,4/25/14,45976249
1614,4/26/14,67267410
1615,4/27/14,88296993
1616,4/28/14,31381479
1617,4/29/14,94434568
1618,4/30/14,59122062
1619,5/1/14,73363124
1620,5/2/14,45659540
1621,5/3/14,31311396
1622,5/4/14,56911549
1623,5/5/14,86039133
1624,5/6/14,98668316
1625,5/7/14,69342200
1626,5/8/14,90148194
1627,5/9/14,64674663
1628,5/10/14,36852459
1629,5/11/14,71375462
1630,5/12/14,42150456
1631,5/13/14,83372796
1632,5/14/14,8453397
1633,5/15/14,17865149
1634,5/16/14,36736368
1635,5/17/14,16322764
1636,5/18/14,50777453
1637,5/19/14,85475379
1638,5/20/14,59348998
1639,5/20/14,39793616
1640,5/21/14,28911064
1641,5/22/14,96339218
1642,5/23/14,97472473
1643,5/24/14,34723374
1644,5/25/14,46635783
1645,5/26/14,35339748
1646,5/27/14,7946990
1647,5/28/14,9679697
1648,5/29/14,96941296
1649,5/30/14,91746217
1650,5/31/14,23581299
1651,6/1/14,40167198
1652,6/2/14,86566838
1653,6/3/14,97861544
1654,6/4/14,12870974
1655,6/5/14,28326914
1656,6/6/14,55343081
1657,6/7/14,67731801
1658,6/8/14,64735861
1659,6/9/14,91271580
1660,6/10/14,85475379
1661,6/11/14,94461096
1662,6/12/14,94434568
1663,6/13/14,17757940
1664,6/14/14,6929266
1665,6/15/14,83218541
1666,6/16/14,60317245
1667,6/17/14,64072032
1668,6/18/14,18580046
1669,6/19/14,78999689
1670,6/20/14,10302629
1671,6/21/14,88943848
1672,6/22/14,26730521
1673,6/23/14,88296993
1674,6/24/14,55061392
1675,6/25/14,92271225
1676,6/26/14,78859386
1677,6/27/14,6929266
1678,6/28/14,27230087
1679,6/29/14,9415292
1680,6/30/14,53386032
1681,7/1/14,54909367
1682,7/2/14,83898012
1683,7/3/14,55044250
1684,7/4/14,44564565
1685,7/5/14,75458603
1686,7/6/14,77335722
1687,7/7/14,18507198
1688,7/8/14,59970022
1689,7/9/14,68677409
1690,7/10/14,60364623
1691,7/11/14,9222932
1692,7/12/14,91281142
1693,7/13/14,499975
1694,7/14/14,39793616
1695,7/15/14,4595889
1696,7/16/14,66272936
1697,7/17/14,80878577
1698,7/18/14,60317245
1699,7/19/14,48484186
1700,7/20/14,48038642
1701,7/21/14,11666700
1702,7/22/14,56911549
1703,7/23/14,36956802
1704,7/24/14,24386478
1705,7/25/14,62256788
1706,7/26/14,83122118
1707,7/27/14,59026449
1708,7/28/14,50424477
1709,7/29/14,75866859
1710,7/30/14,32669835
1711,7/31/14,1905045
1712,8/1/14,48208830
1713,8/2/14,98426020
1714,8/3/14,15573911
1715,8/4/14,94777467
1716,8/5/14,52866664
1717,8/6/14,78191629
1718,8/7/14,57976977
1719,8/8/14,53782300
1720,8/9/14,98438869
1721,8/10/14,75447562
1722,8/11/14,2310807
1723,8/12/14,10271561
1724,8/13/14,44713841
1725,8/14/14,36157388
1726,8/15/14,43450172
1727,8/16/14,32531951
1728,8/17/14,15948475
1729,8/18/14,37341244
1730,8/19/14,29746025
1731,8/20/14,77931477
1732,8/21/14,13799912
1733,8/22/14,65022915
1734,8/23/14,90132893
1735,8/24/14,37929133
1736,8/25/14,77175081
1737,8/26/14,26061495
1738,8/27/14,75507634
1739,8/28/14,88844694
1740,8/29/14,18592086
1741,8/30/14,45440104
1742,8/31/14,81257061
1743,9/1/14,9621334
1744,9/2/14,21529117
1745,9/3/14,10271561
1746,9/4/14,28525854
1747,9/5/14,59359314
1748,9/6/14,7569049
1749,9/7/14,3943407
1750,9/8/14,26730521
1751,9/9/14,46545096
1752,9/10/14,96941296
1753,9/11/14,3921233
1754,9/12/14,20259365
1755,9/13/14,8140001
1756,9/14/14,30984708
1757,9/15/14,13643552
1758,9/16/14,14267208
1759,9/17/14,5318485
1760,9/17/14,97265336
1761,9/18/14,53782300
1762,9/19/14,14497663
1763,9/20/14,1707767
1764,9/21/14,65934176
1765,9/22/14,3589048
1766,9/23/14,19336811
1767,9/24/14,65745321
1768,9/25/14,81809067
1769,9/26/14,22650844
1770,9/27/14,59359314
1771,9/28/14,26738851
1772,9/29/14,9172955
1773,9/30/14,28678334
1774,10/1/14,21117580
1775,10/2/14,82540285
1776,10/3/14,57364817
1777,10/4/14,13799912
1778,10/5/14,54680825
1779,10/6/14,59026449
1780,10/7/14,36157388
1781,10/8/14,10302629
1782,10/9/14,8634306
1783,10/10/14,45348140
1784,10/11/14,60924484
1785,10/12/14,39878138
1786,10/13/14,5242551
1787,10/14/14,56288740
1788,10/15/14,93110636
1789,10/16/14,62899972
1790,10/17/14,78398330
1791,10/17/14,87844314
1792,10/18/14,32955035
1793,10/19/14,18348821
1794,10/20/14,30650068
1795,10/21/14,29548825
1796,10/22/14,59913279
1797,10/23/14,67741305
1798,10/24/14,98870401
1799,10/25/14,84064088
1800,10/26/14,185742
1801,10/27/14,96956738
1802,10/28/14,69488592
1803,10/29/14,83122118
1804,10/30/14,72106731
1805,10/30/14,6247672
1806,10/31/14,86269559
1807,11/1/14,50913135
1808,11/2/14,30041838
1809,11/3/14,75447562
1810,11/4/14,81948831
1811,11/5/14,573404
1812,11/6/14,99256334
1813,11/7/14,79984015
1814,11/8/14,95870669
1815,11/9/14,36736368
1816,11/10/14,97814560
1817,11/11/14,66650275
1818,11/12/14,90969347
1819,11/13/14,13799912
1820,11/14/14,58908293
1821,11/15/14,45559700
1822,11/16/14,9591241
1823,11/17/14,4450382
1824,11/18/14,17298678
1825,11/19/14,43812528
1826,11/20/14,32531951
1827,11/21/14,88106109
1828,11/22/14,52739559
1829,11/23/14,66877186
1830,11/24/14,45659540
1831,11/25/14,30489508
1832,11/26/14,38056374
1833,11/27/14,26735426
1834,11/28/14,65362043
1835,11/29/14,11277990
1836,11/30/14,75605070
1837,12/1/14,47490583
1838,12/2/14,56911549
1839,12/3/14,3073302
1840,12/4/14,33886611
1841,12/5/14,26766246
1842,12/6/14,31574919
1843,12/7/14,98438869
1844,12/8/14,153300
1845,12/9/14,55343081
1846,12/10/14,26709627
1847,12/11/14,33732860
1848,12/12/14,23409465
1849,12/13/14,86486602
1850,12/14/14,81255831
1851,12/15/14,36956802
1852,12/16/14,56009788
1853,12/17/14,49793243
1854,12/18/14,93507095
1855,12/19/14,22392442
1856,12/20/14,40072635
1857,12/21/14,64812564
1858,12/22/14,72976933
1859,12/23/14,51391984
1860,12/24/14,72709352
1861,12/25/14,2409107
1862,12/26/14,59190892
1863,12/27/14,42842139
1864,12/28/14,5397487
1865,12/29/14,79152574
1866,12/30/14,17143401
1867,12/31/14,89690028
1868,1/1/15,71441995
1869,1/2/15,74927928
1870,1/3/15,93064017
1871,1/4/15,43371377
1872,1/5/15,64153401
1873,1/6/15,26061495
1874,1/7/15,54395133
1875,1/8/15,97233152
1876,1/9/15,4554962
1877,1/10/15,23763354
1878,1/11/15,45750381
1879,1/12/15,68990429
1880,1/13/15,82232422
1881,1/14/15,16981772
1882,1/15/15,99432604
1883,1/16/15,7454040
1884,1/17/15,29746025
1885,1/18/15,62341116
1886,1/19/15,13442056
1887,1/20/15,96995726
1888,1/21/15,37027383
1889,1/22/15,28326914
1890,1/23/15,4920233
1891,1/24/15,5884795
1892,1/25/15,23992170
1893,1/26/15,94737191
1894,1/27/15,68952113
1895,1/28/15,41250712
1896,1/29/15,26709627
1897,1/30/15,82232422
1898,1/31/15,78171304
1899,2/1/15,20036767
1900,2/2/15,92057578
1901,2/3/15,73847681
1902,2/4/15,51280577
1903,2/4/15,13441511
1904,2/5/15,13298781
1905,2/6/15,71677481
1906,2/7/15,40072635
1907,2/8/15,1744577
1908,2/9/15,90138139
1909,2/10/15,86566838
1910,2/11/15,16968368
1911,2/12/15,3576588
1912,2/13/15,59875222
1913,2/14/15,56482198
1914,2/15/15,64610554
1915,2/16/15,42794553
1916,2/17/15,75511970
1917,2/18/15,33872149
1918,2/19/15,8559820
1919,2/19/15,16515123
1920,2/20/15,42915360
1921,2/21/15,32977587
1922,2/22/15,9621334
1923,2/23/15,71652728
1924,2/24/15,32785529
1925,2/25/15,95539522
1926,2/26/15,23762180
1927,2/27/15,15968265
1928,2/28/15,82232422
1929,3/1/15,93834917
1930,3/2/15,96275849
1931,3/3/15,35339748
1932,3/4/15,47887300
1933,3/5/15,96090441
1934,3/6/15,52127903
1935,3/7/15,97514741
1936,3/8/15,7579367
1937,3/9/15,36597528
1938,3/10/15,30512992
1939,3/11/15,59117651
1940,3/12/15,19721036
1941,3/13/15,80275692
1942,3/14/15,51900787
1943,3/15/15,82349085
1944,3/16/15,42602894
1945,3/17/15,22537041
1946,3/18/15,35531927
1947,3/19/15,28731592
1948,3/20/15,31932274
1949,3/21/15,29828000
1950,3/22/15,32453039
1951,3/23/15,2777034
1952,3/24/15,90816182
1953,3/25/15,26321062
1954,3/26/15,59875222
1955,3/27/15,75605070
1956,3/28/15,37929133
1957,3/29/15,14003990
1958,3/30/15,87654604
1959,3/31/15,90969347
1960,4/1/15,55176227
1961,4/1/15,3672705
1962,4/2/15,51555682
1963,4/3/15,76249533
1964,4/4/15,65745321
1965,4/5/15,98668316
1966,4/6/15,35024161
1967,4/7/15,69804008
1968,4/8/15,70017686
1969,4/9/15,52462892
1970,4/10/15,97240490
1971,4/11/15,38060179
1972,4/11/15,85790898
1973,4/12/15,64735861
1974,4/13/15,30512992
1975,4/14/15,17768994
1976,4/15/15,37684580
1977,4/16/15,86738937
1978,4/17/15,19479496
1979,4/18/15,25127053
1980,4/19/15,54625058
1981,4/20/15,16898280
1982,4/21/15,83122118
1983,4/22/15,96585023
1984,4/23/15,5074410
1985,4/24/15,32234110
1986,4/25/15,71844137
1987,4/26/15,23461580
1988,4/27/15,24307805
1989,4/28/15,49813378
1990,4/29/15,88106109
1991,4/30/15,94511236
1992,5/1/15,54998198
1993,5/2/15,50913135
1994,5/3/15,32955035
1995,5/4/15,66016081
1996,5/5/15,97240490
1997,5/6/15,86269559
1998,5/7/15,13869388
1999,5/8/15,89807831
2000,5/9/15,23576760
2001,5/10/15,56009788
2002,5/11/15,93110636
2003,5/12/15,7454040
2004,5/13/15,77666483
2005,5/14/15,17783333
2006,5/15/15,62885522
2007,5/16/15,93095924
2008,5/17/15,84862981
2009,5/18/15,68990429
2010,5/19/15,56832510
2011,5/20/15,50865319
2012,5/21/15,10513915
2013,5/22/15,82470125
2014,5/23/15,51168125
2015,5/24/15,70017686
2016,5/25/15,61520262
2017,5/26/15,30337664
2018,5/27/15,98426020
2019,5/28/15,13272697
2020,5/29/15,24927141
2021,5/30/15,5196976
2022,5/31/15,87376756
2023,6/1/15,28678334
2024,6/2/15,76047291
2025,6/3/15,54406882
2026,6/4/15,4373953
2027,6/5/15,4254763
2028,6/6/15,94212944
2029,6/7/15,20983932
2030,6/8/15,29201041
2031,6/8/15,50720950
2032,6/9/15,99577484
2033,6/10/15,11277990
2034,6/10/15,65934176
2035,6/11/15,4161813
2036,6/12/15,50203477
2037,6/13/15,24284271
2038,6/14/15,61901691
2039,6/15/15,60558896
2040,6/16/15,4227288
2041,6/17/15,45348140
2042,6/18/15,40201793
2043,6/19/15,52525842
2044,6/19/15,77478938
2045,6/20/15,97602549
2046,6/21/15,98391185
2047,6/22/15,50777453
2048,6/23/15,53098400
2049,6/24/15,83898012
2050,6/25/15,30984708
2051,6/26/15,16322764
2052,6/27/15,61569878
2053,6/28/15,86231058
2054,6/29/15,45272936
2055,6/30/15,64373385
2056,7/1/15,13441511
2057,7/2/15,11799896
2058,7/3/15,68512430
2059,7/4/15,48687627
2060,7/5/15,82025773
2061,7/6/15,15613033
2062,7/7/15,11324866
2063,7/8/15,44861457
2064,7/9/15,69342200
2065,7/10/15,56529511
2066,7/11/15,45750381
2067,7/12/15,88844694
2068,7/13/15,29201041
2069,7/14/15,59301341
2070,7/15/15,19479496
2071,7/16/15,73839757
2072,7/17/15,59401854
2073,7/18/15,75447562
2074,7/19/15,62869151
2075,7/20/15,7125157
2076,7/21/15,5074410
2077,7/22/15,22650844
2078,7/23/15,51398814
2079,7/24/15,49793243
2080,7/25/15,45460306
2081,7/26/15,84514978
2082,7/27/15,50718830
2083,7/28/15,61569878
2084,7/29/15,98497822
2085,7/30/15,17864013
2086,7/31/15,85161771
2087,8/1/15,11291663
2088,8/2/15,96956738
2089,8/3/15,23098472
2090,8/4/15,56240711
2091,8/5/15,84862981
2092,8/6/15,9502171
2093,8/7/15,73861772
2094,8/8/15,39878138
2095,8/8/15,51145621
2096,8/9/15,7779131
2097,8/10/15,16322764
2098,8/11/15,10069593
2099,8/12/15,70940349
2100,8/13/15,7740090
2101,8/14/15,27694415
2102,8/15/15,6929266
2103,8/16/15,18348821
2104,8/17/15,36293208
2105,8/18/15,1167903
2106,8/19/15,58840331
2107,8/20/15,26547348
2108,8/21/15,65362043
2109,8/22/15,29939622
2110,8/23/15,11546851
2111,8/24/15,67741305
2112,8/25/15,94453387
2113,8/26/15,94741783
2114,8/27/15,82489027
2115,8/28/15,72242227
2116,8/29/15,22159592
2117,8/30/15,98288550
2118,8/31/15,75681320
2119,9/1/15,22679114
2120,9/2/15,58840331
2121,9/3/15,3589048
2122,9/4/15,61289855
2123,9/5/15,31883902
2124,9/6/15,28525854
2125,9/7/15,32060657
2126,9/8/15,30337664
2127,9/9/15,5397487
2128,9/10/15,746108
2129,9/11/15,63645861
2130,9/12/15,65902194
2131,9/13/15,34220115
2132,9/14/15,2100042
2133,9/15/15,27644559
2134,9/16/15,15510616
2135,9/17/15,17864013
2136,9/18/15,86039133
2137,9/19/15,18085356
2138,9/20/15,29760672
2139,9/21/15,13475152
2140,9/22/15,27728984
2141,9/23/15,85790898
2142,9/24/15,53782300
2143,9/25/15,7168874
2144,9/26/15,73847681
2145,9/27/15,40072635
2146,9/28/15,2777034
2147,9/29/15,32453039
2148,9/30/15,27797867
2149,10/1/15,22751691
2150,10/2/15,51906328
2151,10/3/15,5719660
2152,10/4/15,54774834
2153,10/5/15,96275849
2154,10/6/15,93315478
2155,10/7/15,11970177
2156,10/8/15,34890993
2157,10/9/15,37027383
2158,10/10/15,36830211
2159,10/11/15,96363930
2160,10/12/15,37027383
2161,10/13/15,89059926
2162,10/14/15,9055424
2163,10/15/15,35463791
2164,10/16/15,14339627
2165,10/17/15,89114762
2166,10/18/15,90949835
2167,10/19/15,35608498
2168,10/20/15,97814560
2169,10/21/15,30625
2170,10/22/15,75313636
2171,10/23/15,77931477
2172,10/24/15,81011732
2173,10/25/15,43782821
2174,10/26/15,20983932
2175,10/27/15,65902194
2176,10/28/15,22878417
2177,10/29/15,91390968
2178,10/30/15,9055424
2179,10/31/15,34772771
2180,11/1/15,37027383
2181,11/2/15,3975466
2182,11/3/15,59490672
2183,11/4/15,44713841
2184,11/5/15,5005148
2185,11/6/15,97316281
2186,11/7/15,17298678
2187,11/8/15,37796177
2188,11/8/15,78685379
2189,11/9/15,32602485
2190,11/10/15,3681169
2191,11/11/15,94737191
2192,11/12/15,22650844
2193,11/13/15,78125145
2194,11/14/15,34220115
2195,11/15/15,254791
2196,11/16/15,59452825
2197,11/17/15,93064017
2198,11/18/15,96995726
2199,11/19/15,76654856
2200,11/20/15,53098400
2201,11/21/15,72334820
2202,11/21/15,33653965
2203,11/22/15,34320242
2204,11/22/15,91548861
2205,11/23/15,17865149
2206,11/24/15,48926081
2207,11/25/15,5721527
2208,11/26/15,78191629
2209,11/27/15,80878577
2210,11/28/15,55044250
2211,11/29/15,39274909
2212,11/30/15,54910387
2213,12/1/15,23811537
2214,12/2/15,99462010
2215,12/3/15,60889855
2216,12/4/15,41108004
2217,12/5/15,14886117
2218,12/6/15,35530915
2219,12/7/15,14003990
2220,12/8/15,28154185
2221,12/9/15,92760179
2222,12/10/15,77966252
2223,12/11/15,23409465
2224,12/12/15,94737191
2225,12/13/15,81827591
2226,12/14/15,53996653
2227,12/15/15,44767317
2228,12/16/15,64735861
2229,12/17/15,43904381
2230,12/18/15,91322174
2231,12/19/15,13861803
2232,12/20/15,66566569
2233,12/21/15,4254763
2234,12/22/15,12123611
2235,12/23/15,34658080
2236,12/24/15,53782300
2237,12/25/15,55061392
2238,12/26/15,59344485
2239,12/27/15,91548861
2240,12/28/15,42915360
2241,12/29/15,79417131
2242,12/30/15,81688363
2243,12/31/15,34806211
2244,1/1/16,20036767
2245,1/2/16,36852459
2246,1/2/16,90901755
2247,1/3/16,81878761
2248,1/4/16,19052991
2249,1/5/16,20554892
2250,1/6/16,86478211
2251,1/7/16,79354849
2252,1/8/16,5986408
2253,1/9/16,76239539
2254,1/10/16,97262294
2255,1/11/16,40937027
2256,1/12/16,17379270
2257,1/13/16,98386293
2258,1/14/16,25262465
2259,1/15/16,6529467
2260,1/16/16,97240490
2261,1/17/16,67741305
2262,1/18/16,6402026
2263,1/19/16,58840331
2264,1/20/16,27245218
2265,1/21/16,82489027
2266,1/22/16,24351002
2267,1/23/16,59974097
2268,1/24/16,51391984
2269,1/25/16,69279029
2270,1/26/16,29701843
2271,1/27/16,9621334
2272,1/28/16,78564706
2273,1/29/16,16742674
2274,1/30/16,63825738
2275,1/31/16,72334820
2276,2/1/16,48926081
2277,2/2/16,87442389
2278,2/3/16,60558896
2279,2/4/16,63612004
2280,2/5/16,30512992
2281,2/6/16,14886117
2282,2/7/16,41334578
2283,2/8/16,71174082
2284,2/9/16,44861457
2285,2/10/16,6794019
2286,2/11/16,43320778
2287,2/12/16,51733607
2288,2/12/16,37684580
2289,2/13/16,60221303
2290,2/14/16,45659540
2291,2/15/16,1289515
2292,2/16/16,98031915
2293,2/17/16,27694415
2294,2/18/16,78704702
2295,2/18/16,44206472
2296,2/19/16,13226562
2297,2/20/16,4161813
2298,2/21/16,19336811
2299,2/22/16,86995711
2300,2/23/16,76239539
2301,2/24/16,11799896
2302,2/25/16,79152574
2303,2/26/16,41709386
2304,2/27/16,8990525
2305,2/28/16,75681320
2306,2/29/16,4473173
2307,2/29/16,21439837
2308,3/1/16,4541598
2309,3/2/16,84448920
2310,3/3/16,88833465
2311,3/4/16,44564565
2312,3/5/16,42794553
2313,3/6/16,79635437
2314,3/7/16,18592086
2315,3/8/16,10302629
2316,3/9/16,89690028
2317,3/10/16,26061495
2318,3/11/16,71677481
2319,3/12/16,44861457
2320,3/13/16,26709627
2321,3/14/16,13719733
2322,3/15/16,36741205
2323,3/16/16,47887300
2324,3/17/16,67747188
2325,3/18/16,32466207
2326,3/19/16,13643552
2327,3/20/16,19336811
2328,3/21/16,56009788
2329,3/22/16,39676797
2330,3/23/16,36741205
2331,3/24/16,69802744
2332,3/25/16,13688511
2333,3/26/16,16968368
2334,3/27/16,99108098
2335,3/28/16,61901691
2336,3/29/16,67731801
2337,3/30/16,71560779
2338,3/31/16,33732860
2339,4/1/16,86231058
2340,4/2/16,29760672
2341,4/3/16,57250830
2342,4/4/16,97951102
2343,4/5/16,13688511
2344,4/6/16,66496857
2345,4/7/16,21364201
2346,4/8/16,98544035
2347,4/9/16,54395133
2348,4/10/16,45964062
2349,4/11/16,72242227
2350,4/12/16,47786912
2351,4/13/16,67507119
2352,4/14/16,40167198
2353,4/15/16,44649616
2354,4/16/16,96108147
2355,4/17/16,31313467
2356,4/18/16,32977587
2357,4/19/16,11970177
2358,4/20/16,71677481
2359,4/20/16,499975
2360,4/21/16,9679697
2361,4/21/16,98107728
2362,4/22/16,26547348
2363,4/23/16,61863743
2364,4/24/16,49641076
2365,4/25/16,13789112
2366,4/26/16,19336811
2367,4/27/16,6317212
2368,4/28/16,7569049
2369,4/28/16,23763354
2370,4/29/16,97861544
2371,4/30/16,93095924
2372,5/1/16,35219523
2373,5/2/16,65362043
2374,5/3/16,56331231
2375,5/4/16,61583972
2376,5/5/16,72546278
2377,5/6/16,5884795
2378,5/7/16,94624038
2379,5/8/16,48038642
2380,5/9/16,52739559
2381,5/10/16,77175081
2382,5/11/16,23098472
2383,5/12/16,45272936
2384,5/13/16,7579367
2385,5/14/16,13430683
2386,5/15/16,95539522
2387,5/16/16,91259529
2388,5/17/16,27694415
2389,5/18/16,91281142
2390,5/19/16,97472473
2391,5/19/16,23145699
2392,5/20/16,5196976
2393,5/21/16,27728984
2394,5/22/16,49793243
2395,5/23/16,185742
2396,5/24/16,89114762
2397,5/25/16,90148194
2398,5/26/16,89807831
2399,5/27/16,83646308
2400,5/28/16,59301341
2401,5/29/16,94737191
2402,5/30/16,20439220
2403,5/31/16,17767234
2404,6/1/16,16968368
2405,6/2/16,3589048
2406,6/3/16,35219523
2407,6/4/16,56331231
2408,6/5/16,15510616
2409,6/6/16,37929133
2410,6/7/16,81011732
2411,6/8/16,33226705
2412,6/9/16,34369307
2413,6/10/16,29201041
2414,6/11/16,61955226
2415,6/12/16,72368819
2416,6/12/16,41273547
2417,6/13/16,41250712
2418,6/14/16,10244080
2419,6/15/16,82311769
2420,6/16/16,10244080
2421,6/17/16,93315478
2422,6/18/16,95633573
2423,6/19/16,19392327
2424,6/20/16,13719733
2425,6/21/16,48687627
2426,6/22/16,82025773
2427,6/23/16,70413261
2428,6/24/16,88266335
2429,6/25/16,96418649
2430,6/26/16,69804008
2431,6/27/16,97946701
2432,6/28/16,499975
2433,6/29/16,10224298
2434,6/30/16,52866664
2435,7/1/16,36157388
2436,7/2/16,25262465
2437,7/3/16,66909660
2438,7/4/16,14969451
2439,7/5/16,9155758
2440,7/6/16,6465482
2441,7/7/16,67747188
2442,7/8/16,51906328
2443,7/9/16,57250830
2444,7/10/16,746108
2445,7/11/16,97262294
2446,7/12/16,68799845
2447,7/13/16,50203477
2448,7/14/16,60364623
2449,7/15/16,11125200
2450,7/16/16,71652728
2451,7/17/16,81878761
2452,7/18/16,28525854
2453,7/19/16,66566569
2454,7/20/16,99664559
2455,7/21/16,50381386
2456,7/22/16,45163312
2457,7/23/16,67411720
2458,7/24/16,115952
2459,7/25/16,61955226
2460,7/26/16,56331231
2461,7/27/16,14497663
2462,7/28/16,5721527
2463,7/29/16,18761667
2464,7/30/16,77335722
2465,7/31/16,41578759
2466,8/1/16,31313467
2467,8/2/16,7829426
2468,8/3/16,88362910
2469,8/4/16,96418649
2470,8/5/16,4473173
2471,8/6/16,20109606
2472,8/7/16,32060657
2473,8/8/16,84448920
2474,8/9/16,52717543
2475,8/10/16,71925645
2476,8/11/16,43831611
2477,8/12/16,29828000
2478,8/13/16,78859386
2479,8/14/16,57278788
2480,8/15/16,78548173
2481,8/16/16,68952113
2482,8/17/16,84448920
2483,8/18/16,26508465
2484,8/19/16,98561410
2485,8/20/16,98107728
2486,8/21/16,81809067
2487,8/22/16,59920468
2488,8/23/16,12562275
2489,8/24/16,5074410
2490,8/25/16,28867985
2491,8/26/16,13441511
2492,8/27/16,99108098
2493,8/28/16,10271561
2494,8/29/16,93507095
2495,8/30/16,38569233
2496,8/31/16,94511236
2497,9/1/16,70940349
2498,9/2/16,14267208
2499,9/3/16,33748846
2500,9/4/16,85209508
2501,9/5/16,26730521
2502,9/6/16,30884235
2503,9/7/16,1707767
2504,9/8/16,32602485
2505,9/9/16,36350941
2506,9/10/16,85567142
2507,9/11/16,81257061
2508,9/12/16,47786912
2509,9/13/16,35608498
2510,9/14/16,42915360
2511,9/15/16,68084235
2512,9/16/16,50777453
2513,9/17/16,70074080
2514,9/18/16,55343081
2515,9/19/16,45976249
2516,9/20/16,67670137
2517,9/21/16,38834734
2518,9/22/16,59974097
2519,9/23/16,88326552
2520,9/24/16,98234260
2521,9/25/16,87644955
2522,9/26/16,99432604
2523,9/27/16,75445451
2524,9/28/16,84064088
2525,9/29/16,14003990
2526,9/30/16,91390968
2527,10/1/16,58908293
2528,10/2/16,75445451
2529,10/3/16,39074919
2530,10/4/16,36736368
2531,10/5/16,54998198
2532,10/6/16,3073302
2533,10/7/16,60449335
2534,10/8/16,66272936
2535,10/9/16,8140001
2536,10/10/16,39854186
2537,10/11/16,25292223
2538,10/12/16,37753537
2539,10/13/16,6317212
2540,10/14/16,44729879
2541,10/15/16,94741783
2542,10/16/16,9055424
2543,10/17/16,64674663
2544,10/18/16,37254320
2545,10/19/16,5830620
2546,10/20/16,91557437
2547,10/21/16,56015809
2548,10/22/16,9591241
2549,10/23/16,45893916
2550,10/24/16,94461096
2551,10/25/16,75511970
2552,10/26/16,45163312
2553,10/27/16,24345074
2554,10/28/16,32602485
2555,10/28/16,14374209
2556,10/29/16,20259365
2557,10/30/16,30650068
2558,10/31/16,59344485
2559,11/1/16,11324866
2560,11/2/16,4935407
2561,11/3/16,50449578
2562,11/4/16,2201900
2563,11/4/16,51900787
2564,11/5/16,13442056
2565,11/6/16,56240711
2566,11/7/16,51391984
2567,11/8/16,22514635
2568,11/9/16,13047673
2569,11/10/16,58297580
2570,11/11/16,3672705
2571,11/12/16,32955035
2572,11/13/16,23992170
2573,11/14/16,57981980
2574,11/15/16,30840785
2575,11/16/16,26733270
2576,11/17/16,54406882
2577,11/18/16,63825738
2578,11/19/16,47079810
2579,11/20/16,24457537
2580,11/21/16,27472489
2581,11/22/16,38060179
2582,11/23/16,47997329
2583,11/24/16,34772771
2584,11/25/16,71441995
2585,11/26/16,43320778
2586,11/27/16,1289515
2587,11/28/16,81908691
2588,11/29/16,32234110
2589,11/30/16,93165616
2590,12/1/16,14374209
2591,12/2/16,76249533
2592,12/3/16,88927969
2593,12/4/16,64549532
2594,12/5/16,71560779
2595,12/5/16,62360903
2596,12/6/16,34890993
2597,12/7/16,4595889
2598,12/8/16,56450989
2599,12/9/16,35339748
2600,12/10/16,655373
2601,12/11/16,24351002
2602,12/12/16,41273547
2603,12/13/16,32833057
2604,12/14/16,83898012
2605,12/15/16,1391394
2606,12/16/16,61569878
2607,12/17/16,16898280
2608,12/18/16,22392442
2609,12/19/16,54395133
2610,12/20/16,88833465
2611,12/21/16,23610432
2612,12/22/16,41108004
2613,12/23/16,73889021
2614,12/24/16,32988910
2615,12/25/16,93084426
2616,12/26/16,29493768
2617,12/27/16,29201041
2618,12/28/16,98391185
2619,12/29/16,16210896
2620,12/29/16,10244080
2621,12/30/16,96275849
2622,12/31/16,57278788
2623,1/1/17,77556897
2624,1/2/17,30677299
2625,1/3/17,21364201
2626,1/4/17,37753537
2627,1/5/17,20000511
2628,1/6/17,24307805
2629,1/7/17,88296993
2630,1/8/17,87654604
2631,1/9/17,69802744
2632,1/10/17,69488592
2633,1/11/17,23098472
2634,1/12/17,69342200
2635,1/13/17,85475379
2636,1/14/17,6515930
2637,1/15/17,28154185
2638,1/16/17,38185023
2639,1/17/17,86575471
2640,1/18/17,62341116
2641,1/19/17,42150456
2642,1/20/17,9679697
2643,1/21/17,71844137
2644,1/22/17,44649616
2645,1/23/17,58770611
2646,1/24/17,37684580
2647,1/24/17,81878761
2648,1/25/17,73363124
2649,1/26/17,80275692
2650,1/27/17,36597528
2651,1/28/17,89059926
2652,1/29/17,60675339
2653,1/30/17,56089225
2654,1/31/17,67176144
2655,2/1/17,12870974
2656,2/2/17,72368819
2657,2/3/17,58297580
2658,2/4/17,85121456
2659,2/5/17,13506208
2660,2/6/17,7168874
2661,2/7/17,67411720
2662,2/8/17,57278788
2663,2/9/17,83716714
2664,2/10/17,26061495
2665,2/11/17,97233152
2666,2/12/17,60210289
2667,2/13/17,97472473
2668,2/14/17,39793616
2669,2/15/17,24716980
2670,2/16/17,78464116
2671,2/17/17,7946990
2672,2/18/17,79233001
2673,2/19/17,82875876
2674,2/20/17,49528224
2675,2/21/17,40353165
2676,2/22/17,4450382
2677,2/23/17,27797867
2678,2/24/17,22751691
2679,2/25/17,98438869
2680,2/26/17,26738851
2681,2/27/17,75313636
2682,2/28/17,4473173
2683,3/1/17,16742674
2684,3/2/17,83930644
2685,3/3/17,43904381
2686,3/3/17,16981772
2687,3/4/17,9930577
2688,3/5/17,28911064
2689,3/6/17,17984201
2690,3/7/17,50865319
2691,3/8/17,79417131
2692,3/9/17,98833229
2693,3/10/17,98561410
2694,3/11/17,61901691
2695,3/12/17,56015809
2696,3/13/17,32737958
2697,3/14/17,37490067
2698,3/15/17,34723374
2699,3/16/17,63242052
2700,3/17/17,32466207
2701,3/18/17,65106374
2702,3/19/17,54774834
2703,3/20/17,32541597
2704,3/21/17,66198036
2705,3/22/17,153300
2706,3/23/17,59970022
2707,3/24/17,95633573
2708,3/24/17,66272936
2709,3/25/17,72546278
2710,3/26/17,1744577
2711,3/27/17,37753537
2712,3/28/17,72231412
2713,3/29/17,1289515
2714,3/30/17,6794019
2715,3/31/17,84862981
2716,3/31/17,43812528
2717,4/1/17,17137190
2718,4/2/17,92496558
2719,4/3/17,20036767
2720,4/4/17,82232422
2721,4/5/17,89823824
2722,4/6/17,56654796
2723,4/7/17,84885394
2724,4/8/17,46635783
2725,4/9/17,64789566
2726,4/10/17,54774834
2727,4/11/17,72546278
2728,4/12/17,45759809
2729,4/13/17,54625058
2730,4/14/17,59970022
2731,4/15/17,64373385
2732,4/16/17,14497941
2733,4/17/17,50381386
2734,4/18/17,23777632
2735,4/19/17,65745321
2736,4/20/17,32060657
2737,4/21/17,95156199
2738,4/22/17,21259946
2739,4/23/17,35339748
2740,4/24/17,15613033
2741,4/25/17,31883902
2742,4/26/17,7454040
2743,4/27/17,3921233
2744,4/28/17,9222932
2745,4/29/17,85447290
2746,4/30/17,37753537
2747,5/1/17,9863852
2748,5/2/17,74468281
2749,5/3/17,58297580
2750,5/4/17,71375462
2751,5/5/17,80684496
2752,5/6/17,70933962
2753,5/7/17,19433102
2754,5/8/17,59344485
2755,5/9/17,95633573
2756,5/10/17,63283295
2757,5/11/17,82457579
2758,5/12/17,10756270
2759,5/13/17,88266335
2760,5/14/17,29493768
2761,5/15/17,22971023
2762,5/16/17,66198036
2763,5/17/17,88140241
2764,5/18/17,43883805
2765,5/19/17,42602894
2766,5/20/17,30965292
2767,5/21/17,39274909
2768,5/22/17,65901997
2769,5/23/17,14109378
2770,5/24/17,61520262
2771,5/25/17,13441511
2772,5/26/17,42842139
2773,5/27/17,98611037
2774,5/28/17,72546278
2775,5/29/17,3120547
2776,5/30/17,37796177
2777,5/31/17,39074919
2778,6/1/17,92552376
2779,6/2/17,64789566
2780,6/3/17,51449532
2781,6/4/17,14003990
2782,6/5/17,21491350
2783,6/6/17,16322764
2784,6/7/17,18642193
2785,6/8/17,56450989
2786,6/9/17,51906328
2787,6/10/17,18857880
2788,6/11/17,78191629
2789,6/12/17,78999689
2790,6/13/17,97814560
2791,6/14/17,2015399
2792,6/15/17,34369307
2793,6/16/17,39274909
2794,6/17/17,55571284
2795,6/18/17,27728984
2796,6/19/17,1391394
2797,6/20/17,67732238
2798,6/21/17,32988910
2799,6/22/17,99432604
2800,6/23/17,84064088
2801,6/24/17,33748846
2802,6/25/17,33780107
2803,6/26/17,56529511
2804,6/27/17,20983932
2805,6/28/17,92496558
2806,6/29/17,32833057
2807,6/30/17,44678531
2808,7/1/17,11666700
2809,7/2/17,44444515
2810,7/3/17,51398814
2811,7/4/17,89287660
2812,7/5/17,24345074
2813,7/6/17,20036999
2814,7/7/17,7125157
2815,7/8/17,90132893
2816,7/9/17,82025773
2817,7/10/17,99108098
2818,7/11/17,86575471
2819,7/12/17,93174745
2820,7/13/17,40126016
2821,7/14/17,79786277
2822,7/15/17,29548825
2823,7/16/17,70310085
2824,7/17/17,13430683
2825,7/18/17,14497941
2826,7/19/17,86478211
2827,7/20/17,16579575
2828,7/21/17,50203477
2829,7/22/17,94610098
2830,7/23/17,23056074
2831,7/24/17,60317245
2832,7/25/17,41916936
2833,7/26/17,35463791
2834,7/27/17,61169229
2835,7/28/17,4780924
2836,7/29/17,61583972
2837,7/30/17,83716714
2838,7/31/17,16898280
2839,8/1/17,57364817
2840,8/2/17,45976249
2841,8/3/17,18580046
2842,8/4/17,97240490
2843,8/4/17,89853192
2844,8/5/17,23576760
2845,8/5/17,88927969
2846,8/6/17,78564706
2847,8/7/17,47079810
2848,8/8/17,80062180
2849,8/9/17,54909367
2850,8/10/17,5358746
2851,8/11/17,54258774
2852,8/12/17,45163312
2853,8/12/17,48732121
2854,8/13/17,85121456
2855,8/14/17,79635437
2856,8/15/17,31830598
2857,8/16/17,24345074
2858,8/17/17,92271225
2859,8/18/17,71612300
2860,8/19/17,24716980
2861,8/20/17,89823824
2862,8/21/17,50913135
2863,8/22/17,20793152
2864,8/23/17,35219523
2865,8/24/17,4554962
2866,8/25/17,67741305
2867,8/26/17,70079562
2868,8/27/17,20439220
2869,8/28/17,68184498
2870,8/28/17,91217897
2871,8/29/17,30884235
2872,8/30/17,92813372
2873,8/31/17,21364201
2874,9/1/17,37254320
2875,9/2/17,90138139
2876,9/3/17,81948831
2877,9/4/17,18085356
2878,9/5/17,36741205
2879,9/6/17,23763354
2880,9/7/17,93568391
2881,9/8/17,86478211
2882,9/9/17,82875876
2883,9/10/17,34806211
2884,9/11/17,68883787
2885,9/11/17,11666700
2886,9/12/17,78685379
2887,9/13/17,59344485
2888,9/14/17,64153401
2889,9/15/17,52717543
2890,9/16/17,31381479
2891,9/17/17,9591241
2892,9/18/17,87652783
2893,9/19/17,47774458
2894,9/19/17,26766246
2895,9/20/17,573404
2896,9/21/17,94741783
2897,9/22/17,87442389
2898,9/23/17,7829426
2899,9/24/17,52127903
2900,9/25/17,45759809
2901,9/26/17,7633587
2902,9/27/17,1167903
2903,9/28/17,80137027
2904,9/29/17,63708793
2905,9/30/17,88889444
2906,10/1/17,32785529
2907,10/2/17,69765753
2908,10/3/17,2201900
2909,10/4/17,90066382
2910,10/5/17,44678531
2911,10/6/17,17864013
2912,10/7/17,64674663
2913,10/8/17,17379270
2914,10/9/17,95832851
2915,10/10/17,56331231
2916,10/11/17,55571284
2917,10/12/17,60449335
2918,10/13/17,70413261
2919,10/14/17,87844314
2920,10/15/17,39854186
2921,10/16/17,94624038
2922,10/17/17,75672728
2923,10/18/17,5721527
2924,10/19/17,14969451
2925,10/20/17,14374209
2926,10/21/17,68799545
2927,10/22/17,43371377
2928,10/23/17,30561846
2929,10/24/17,99256334
2930,10/25/17,93916882
2931,10/26/17,57278788
2932,10/27/17,22679114
2933,10/28/17,94453387
2934,10/29/17,35530915
2935,10/30/17,75681320
2936,10/31/17,26735426
2937,11/1/17,30650068
2938,11/2/17,11567161
2939,11/3/17,59265623
2940,11/4/17,13869388
2941,11/5/17,31381479
2942,11/6/17,58050906
2943,11/7/17,18421450
2944,11/8/17,79233001
2945,11/9/17,69365186
2946,11/10/17,22316492
2947,11/11/17,5397487
2948,11/11/17,94461096
2949,11/12/17,84372610
2950,11/13/17,64789566
2951,11/14/17,2100042
2952,11/15/17,75542210
2953,11/16/17,69655488
2954,11/17/17,68299960
2955,11/18/17,77966252
2956,11/19/17,20259365
2957,11/20/17,73363988
2958,11/21/17,38768145
2959,11/22/17,38056374
2960,11/23/17,41493948
2961,11/24/17,81273988
2962,11/25/17,93034139
2963,11/26/17,11125200
2964,11/27/17,1712896
2965,11/28/17,7569049
2966,11/29/17,61520262
2967,11/30/17,59265623
2968,12/1/17,84588517
2969,12/2/17,254791
2970,12/3/17,11799896
2971,12/4/17,67732238
2972,12/5/17,91322174
2973,12/6/17,82457579
2974,12/7/17,8329123
2975,12/8/17,91346827
2976,12/9/17,32453039
2977,12/10/17,99001190
2978,12/11/17,92760179
2979,12/12/17,20000511
2980,12/13/17,80275692
2981,12/14/17,85447290
2982,12/15/17,15071456
2983,12/16/17,16898280
2984,12/17/17,88889444
2985,12/18/17,3120547
2986,12/19/17,68299960
2987,12/20/17,11253594
2988,12/21/17,10069593
2989,12/22/17,51280577
2990,12/23/17,22878417
2991,12/24/17,67507119
2992,12/25/17,69283250
2993,12/26/17,17991968
2994,12/27/17,11546851
2995,12/28/17,45559700
2996,12/29/17,36741205
2997,12/30/17,67507119
2998,12/31/17,90148194
2999,1/1/18,80878577
3000,1/1/18,28867985