1,2914010016,4,10
1,4916040001,2,5
2,270242,5,8
3,265322,3,6
4,2917020005,1,2
5,265223,5,3
6,2844160000,4,8
7,2114021301,2,4
8,2702AF,3,3
8,284426,4,2
9,26548J,4,4
9,2703A2,4,5
10,2844B5,5,6
11,2127040501,1,3
12,2213010301,4,10
13,26552C,2,9
14,270344,4,8
14,458532,4,4
15,284402,2,3
16,2702AW,4,8
16,458341,4,9
17,2415000209,4,4
18,270139,1,7
19,2125024001,4,1
19,4434020001,3,9
20,2125022191,2,3
20,2213010301,1,5
20,270153,2,10
21,4917040004,1,10
22,270243,5,7
22,458446,3,2
23,26522E,4,1
24,265529,3,2
24,2701AN,2,3
25,270220,4,5
26,2112010701,2,3
27,267441,1,4
28,265121,4,3
29,2843C7,3,3
30,270383,5,7
31,2112021801,2,6
32,2115050101,4,5
33,270290,5,8
33,458397,1,9
34,2213010301,3,3
34,2702AZ,5,7
34,270371,5,5
35,276JDG,1,1
36,2701BO,4,3
37,2844160000,3,7
38,270161,2,7
39,2767JU,3,3
39,284444,2,4
40,458143,5,2
41,2701BG,1,6
42,26552C,1,7
43,458148,1,9
44,4126041201,4,7
45,265224,3,6
46,26504C,3,5
46,267496,4,6
47,2144022301,1,9
47,270315,5,10
47,2844S2,4,1
47,458347,4,10
48,2842A3,5,6
49,458249,5,5
50,2663A7,4,1
51,2126020191,1,9
51,2127024001,1,10
52,2844C4,5,3
53,270347,5,10
54,2126030201,1,4
54,2126050101,2,1
55,2843080002,1,6
56,2125022191,5,8
57,26522A,5,5
58,266232,2,10
59,270254,1,5
60,2126030701,4,2
61,2767JU,1,10
62,270283,5,4
63,284151,4,5
64,2126020201,3,2
64,267425,3,1
65,267101,3,6
66,270453,3,3
67,2844C4,5,7
68,266246,1,9
69,2117021201,2,9
70,2134020101,5,9
70,2917020005,2,5
71,2114031091,5,8
71,267492,1,9
72,270348,4,5
73,267012,3,5
74,2844A6,4,8
74,418004,5,3
75,267156,3,10
75,284145,5,1
76,2844C1,1,5
77,2915010010,2,10
78,284142,5,7
79,2916020010,1,9
80,2701B9,3,9
81,266232,3,3
82,270180,5,9
82,2917020007,1,1
83,2114020691,1,10
83,284263,5,10
84,2843C8,5,5
85,270191,2,7
86,2147022301,3,10
87,270130,2,6
87,4916040018,3,2
88,458434,3,5
89,270267,5,5
89,270302,5,6
90,286ACD,5,1
91,2115023601,1,1
92,26544G,3,3
93,2126030201,5,6
94,267042,4,3
95,2212010191,3,7
96,267449,5,2
97,2112020401,5,8
98,2703AQ,3,5
98,458297,3,10
98,458446,2,7
99,284493,4,4
100,284340,5,7
101,2868D8,3,2
102,265321,3,2
102,270290,2,5
103,2212010501,1,6
103,267321,1,6
104,266547,4,9
104,270356,3,7
105,270361,4,7
106,2415000121,1,1
107,2132023703,5,9
107,2144020101,4,6
107,270210,1,3
108,2112021201,5,2
108,2115023601,3,10
108,26512C,2,2
108,284449,5,3
109,2146020201,2,4
110,26527H,4,5
111,2125050101,5,2
111,2703A6,5,1
112,2917021801,3,4
113,284249,2,7
114,266220,2,3
114,4915010001,1,8
115,267426,1,6
115,276FDH,3,8
116,286586,1,1
117,270238,5,6
118,270218,2,5
119,284196,2,10
120,270235,1,10
121,284126,1,9
122,2125040591,1,9
122,2867QK,1,4
123,2132020101,3,7
124,4125041801,5,1
125,2701A7,4,8
126,2702AE,4,2
126,284226,4,10
127,270261,1,2
128,270236,2,3
128,27658U,3,5
128,4916040011,1,4
129,284496,4,9
130,2702AE,3,1
130,2914020014,1,9
131,2115010791,5,8
131,266346,4,2
132,2702AN,5,5
133,2127030491,1,4
133,2144020391,1,8
133,267521,2,6
133,270340,3,5
134,270203,3,2
135,267542,4,3
136,270230,1,10
137,296002,2,4
138,267374,2,9
138,2702A3,2,7
139,284344,2,2
140,458197,1,3
141,26524I,3,7
142,284440,5,10
143,2703A2,4,7
144,267101,3,1
145,270342,5,4
145,284474,3,1
146,2111023701,2,1
147,265122,3,4
148,26544F,5,1
149,270226,1,3
150,266517,3,8
151,265429,4,5
152,2144020391,3,2
152,276EDL,1,4
153,2842C3,4,8
153,2915010003,1,5
154,2652BE,1,6
155,2125041401,4,8
156,2116050101,3,10
156,270228,4,10
157,418004,5,10
158,458299,5,7
159,270207,2,1
160,284216,2,10
161,26522A,5,10
162,270238,3,10
163,2115020391,4,5
164,267012,3,6
165,284449,5,2
166,267248,4,4
166,270182,3,2
167,2701AE,5,8
168,26526N,3,10
169,284495,3,4
169,2915010012,3,5
170,270385,1,2
171,2144021691,2,3
171,458524,4,10
172,267425,3,1
173,2701A1,5,9
173,284343,1,1
174,2844C4,3,1
175,284415,4,7
176,26526N,5,4
176,270347,3,2
177,267334,2,10
178,2127041001,1,2
179,2841A5,5,7
179,286594,1,10
180,26516K,2,10
181,4127041201,1,4
182,270108,1,6
183,2867II,2,9
184,2665A4,3,4
185,2211010301,1,4
186,26542D,4,6
187,2843S1,4,2
188,2115030301,5,9
189,296002,3,7
190,267012,3,3
191,265225,5,8
192,286594,2,4
193,2124030101,1,1
193,2845170000,2,4
194,2914020003,1,4
195,2117020101,2,8
196,458434,2,6
197,2703AE,4,2
197,2912020003,2,9
198,266520,1,7
199,2767JU,5,3
200,270250,4,10
200,2863V1,4,10
201,270350,1,7
202,2144020391,3,10
203,2665A7,5,8
204,270247,2,2
204,2914010011,3,7
205,2842A4,2,6
206,284274,3,4
207,2136011602,3,6
207,2147020801,5,4
207,267473,4,9
208,2212013701,3,5
209,267047,4,3
210,2916020015,4,9
211,270376,1,9
212,265221,3,10
212,2917010003,1,5
213,270347,3,6
214,2125040101,4,7
214,26552A,3,9
215,267042,1,6
216,284408,4,3
217,2702BD,3,6
217,284146,2,1
218,270247,2,6
219,2115011201,2,9
219,2212010191,3,5
219,286ECD,2,7
220,26527G,4,3
221,458101,5,10
222,286G010001,3,2
223,458247,3,6
224,284142,5,5
225,2844080002,4,10
226,2213012301,1,10
227,2127040201,1,2
227,2703AQ,3,8
228,2844B1,3,8
229,2144022301,2,7
230,2915020095,3,4
231,4915040002,5,1
232,2125022191,2,2
233,2112020601,5,8
234,2703AE,4,5
234,284311,5,10
235,4916040011,4,9
236,2843S6,4,4
236,458399,2,2
237,2126022101,1,6
238,270199,2,10
239,2664AC,4,4
240,2124020101,1,5
240,265225,4,1
241,2915210008,5,7
242,2144022301,2,10
243,2127050201,1,10
243,2860Z2,2,4
244,270299,5,1
244,2916030002,4,3
245,2702BE,1,1
245,284540,3,6
246,284148,5,6
247,270326,2,8
248,276EDL,2,2
249,4916040018,2,2
250,267505,2,2
251,2701BF,3,9
251,458147,4,4
252,270201,4,3
253,267046,3,8
253,4127040201,1,1
254,458395,3,2
255,266220,2,7
255,270103,1,2
256,284341,4,1
257,2115050101,1,5
258,2116020401,4,3
258,2125041001,5,5
259,2917020005,1,4
260,284125,3,9
261,267256,2,5
262,2702AY,4,6
263,2115022201,1,10
263,276FDN,2,3
264,2213014491,4,10
264,2415070102,5,6
265,2124030491,1,2
265,2146022301,4,8
266,2865F4,1,3
267,267041,4,7
267,270294,2,3
268,2125020501,4,10
269,267377,3,6
269,2703AY,3,4
270,270239,1,7
270,2842B2,2,4
271,270110,5,4
272,284474,3,6
273,270253,5,1
274,270338,1,2
275,2415000121,1,6
275,2844S3,1,1
276,267011,5,7
277,284143,2,3
278,2125030401,3,7
279,2132023703,1,4
279,2211014401,4,8
279,458322,3,2
280,458446,5,8
281,284251,5,4
282,2112010701,2,5
282,2663A7,3,10
282,465261,4,10
283,2916010007,1,3
284,270130,2,10
285,284318,4,1
286,270212,3,5
287,270250,5,4
288,267042,2,3
289,286ACD,5,7
290,265481,2,7
291,2126023191,4,9
292,2126023191,2,2
292,270279,4,9
293,2914020092,4,4
294,267402,5,1
295,267577,3,5
296,270453,3,10
297,2703AK,5,7
297,4916040018,5,9
298,2112010701,2,9
299,267011,3,4
299,270353,3,6
299,4126041501,1,3
300,284109,1,3
301,2213013201,2,5
302,2114020291,3,9
303,458496,1,10
304,2136011602,3,2
305,4916040009,4,5
306,2415000107,1,2
307,2702B5,2,1
308,2701AY,5,2
309,267441,5,10
310,2701AV,5,6
311,2115020391,4,3
312,276FFL,4,4
312,286056,3,9
313,2844S1,1,6
314,2701A5,2,2
315,265528,2,3
316,2911020003,5,10
317,270203,4,4
318,2125020101,1,9
319,2112030601,4,8
320,270347,4,9
321,270229,5,1
322,2124020991,1,9
323,2115050201,2,5
323,2703C2,2,2
324,2117040101,4,6
325,270276,3,8
326,2144020401,1,1
326,2703AN,5,3
327,2915010011,5,3
328,276JDG,5,1
329,458147,3,2
330,267451,4,8
331,2701AN,2,3
332,270340,5,2
333,270358,5,6
334,458197,4,7
335,2703AN,2,9
336,458496,1,5
337,265529,4,10
338,2915010002,2,5
338,458295,5,7
339,270159,1,1
339,270342,5,2
340,2112020501,5,9
341,2117020391,3,10
342,270150,2,8
343,2132020101,3,6
344,270133,2,10
345,270376,2,6
345,284106,1,4
346,2701AN,5,4
347,2665A7,2,10
347,2703A5,2,4
348,270117,5,2
348,2845930002,2,4
349,2124020991,1,9
349,270122,5,1
350,213006,2,6
350,267148,5,5
351,2664A3,5,7
352,4127041801,1,8
353,266232,4,8
354,26554G,5,7
355,458530,4,8
356,267246,3,9
357,2917020005,1,4
358,2702AZ,4,1
358,270399,2,4
359,284344,2,7
360,2703AZ,3,2
361,266547,3,8
361,2702AN,4,10
362,284101,2,4
363,270399,3,8
364,213006,2,9
364,2945000103,2,4
365,2126011101,4,10
366,2914020013,3,10
367,2703AK,5,7
368,2112021201,5,4
368,2115050101,3,7
369,284402,2,7
370,2145020301,2,8
371,2916010005,4,7
371,458350,1,6
372,26522B,5,10
373,270263,1,10
374,418101,3,4
375,265225,1,7
376,270197,2,3
377,2112030601,3,6
378,286056,5,10
379,2111011591,1,6
379,2845S4,4,6
380,2915010015,2,4
380,2916020093,1,4
381,2145020101,2,8
382,2842B6,4,3
383,265224,2,8
384,2662A3,5,8
385,2126020191,5,1
386,284394,4,1
387,270263,5,1
388,266520,2,3
389,2147020301,4,6
389,265225,1,2
390,4122041101,4,8
391,270330,1,9
392,26554F,1,10
393,2116050101,1,2
394,266517,5,2
394,270204,5,10
395,2701AF,2,10
395,2703BL,4,6
396,26524F,5,4
397,284106,4,3
398,270375,2,2
398,458530,4,8
399,26554G,2,4
399,270235,1,9
400,270245,3,10
401,2663A7,4,4
402,270279,4,3
403,2865F4,5,4
404,458196,2,1
405,2115020791,4,1
405,2125024001,1,4
405,2415000107,4,8
405,458243,2,1
406,267177,4,5
407,2703AF,1,5
408,284106,4,5
409,2132010906,3,4
409,270285,1,2
410,2144021691,2,3
411,270338,5,4
411,284372,5,1
412,270261,5,5
412,2842C3,4,6
413,2844B1,3,7
413,458346,1,10
414,2843B6,3,6
415,458297,3,2
416,284249,2,9
417,2415000107,4,9
417,26528J,2,9
418,26522E,1,10
419,2703A3,2,4
419,284451,3,1
420,270313,3,9
421,270263,4,4
422,2147020201,3,7
423,267226,3,9
424,265226,2,7
425,2146022601,2,7
425,2702BG,5,8
426,276FDH,1,3
427,26535A,1,8
427,4916040018,5,7
428,2115023601,1,9
428,265581,1,2
429,2703AE,1,1
430,270103,3,8
431,2212013801,3,3
431,270347,1,10
432,270302,5,3
433,2702AD,2,2
434,267042,2,8
435,267045,5,9
436,267396,3,8
437,2843C1,4,6
438,2114010601,2,1
439,270340,1,4
440,267445,3,4
440,2945000103,4,1
440,458529,4,8
441,270306,1,2
442,2914010097,5,2
443,2701B8,1,2
443,2703B8,1,1
444,2115020401,1,2
444,2125024001,4,2
445,2114020501,1,10
445,267341,5,1
446,286A0D,5,6
447,270389,4,7
448,284318,2,3
449,2945000103,4,1
450,270353,1,7
451,458440,5,2
452,2144020201,3,5
452,2652BE,2,8
452,2842A3,5,8
453,266232,1,6
454,267322,2,7
454,2702AY,2,9
455,270150,4,3
456,284426,4,2
457,267012,3,1
458,284344,3,1
459,2843C3,1,8
460,267573,5,8
461,2147021601,4,2
462,270303,5,1
462,284272,5,4
463,2915020013,2,4
464,2213014301,4,9
465,2702AE,3,9
465,458421,5,8
466,458542,4,10
467,2415070102,2,2
467,265529,1,1
468,270376,4,4
469,267449,5,8
470,465261,3,4
471,8010,3,5
472,2147022601,1,10
472,265223,5,8
472,267543,3,9
473,2844B5,1,7
474,2124020101,1,1
474,284126,3,3
475,458426,2,6
476,2144022301,5,9
476,284306,1,4
477,284450,4,3
478,2127023391,1,9
479,2912010001,2,8
480,2126020191,2,3
481,270138,3,1
481,2702B9,3,9
482,2702AW,2,9
483,2147020801,1,2
483,270329,5,4
484,270365,1,10
485,267192,3,2
486,266220,1,7
486,284249,2,7
487,2702AQ,3,5
488,26522D,5,10
489,2147020801,3,9
489,270199,5,3
490,2843B8,1,4
491,267378,3,3
492,267593,3,5
492,270338,2,4
493,2127040201,1,6
493,265328,2,5
494,2701B7,1,3
495,2434010001,4,3
496,2868D8,3,3
497,2662A4,1,9
498,2132023703,2,5
499,270316,2,5
500,270356,3,6
501,267522,5,8
501,2701AY,2,5
501,270376,4,8
502,284508,5,10
502,2916020015,4,10
503,4126041801,2,7
504,2114020291,3,6
504,270250,3,6
505,2126040891,2,1
505,270208,1,2
506,266374,1,2
507,26548J,2,3
508,2115020901,4,4
509,266532,4,5
509,267377,1,7
510,4137050201,3,3
511,2703AT,3,8
512,265327,3,2
512,2701BG,3,8
512,2703AN,5,3
513,2912010002,4,7
514,267012,2,8
514,2917021701,3,3
515,2844C4,4,4
516,2111023701,2,6
517,2124024801,2,1
518,2126020301,3,6
519,2703AF,4,1
520,2116021701,5,1
521,267592,4,3
522,270293,1,6
523,266417,2,2
524,270346,1,7
525,267245,2,3
525,2845A7,3,7
526,458350,4,5
527,2703AN,2,7
528,2845B2,2,6
528,418201,4,6
529,270193,1,10
529,284398,4,10
530,267492,1,7
531,284362,3,10
531,2845A1,2,2
532,265427,1,3
533,2132020101,3,4
534,270170,1,6
535,284495,1,9
536,286DW1,4,2
537,284217,2,3
538,267180,4,9
539,2701BD,3,10
540,267473,5,8
540,270249,3,3
541,26552C,3,8
541,267011,3,10
541,267045,4,7
542,2662A7,4,6
543,2914010011,3,5
544,465262,3,7
545,2115050201,2,6
545,265581,3,10
546,270210,3,4
547,267221,2,8
548,2701AH,3,7
548,2702AE,2,2
549,458197,3,10
550,270226,1,3
550,270235,1,10
551,267108,3,10
552,265122,3,8
553,2915010003,1,6
553,2945000005,1,2
554,270203,2,4
555,266032,3,4
555,2702B8,1,2
556,4916041701,4,10
557,265222,4,7
558,2116021701,5,2
558,2767IH,3,4
558,2843B6,3,6
559,2702B5,5,6
560,267146,3,10
560,284246,3,4
561,270144,4,5
561,465261,1,7
562,267296,3,3
562,2865S4,1,6
563,26528J,1,2
564,2115020691,3,9
564,266332,1,10
565,2126020201,3,10
566,270390,5,2
567,2126030201,3,9
567,4126041201,1,10
568,2137011601,1,1
568,270125,4,4
569,2114020391,3,1
569,2865PD,5,1
570,270284,4,2
571,418303,4,1
572,8010,3,4
573,2844A4,5,10
574,284311,5,2
575,2114011201,3,9
576,266574,1,5
577,2702AF,5,8
577,270333,2,4
578,2415000121,1,6
579,2701C2,2,4
580,2843S1,5,4
581,458247,3,4
582,2843S1,4,10
583,26556N,1,8
584,2701AY,2,1
585,2843C7,3,6
586,270398,3,1
587,2701B8,1,5
587,2702AN,3,4
587,2845B2,2,5
588,2703AN,3,4
589,27654U,1,2
590,2703AL,2,3
590,418101,3,8
591,267121,1,8
592,265481,5,8
593,267356,5,4
593,270361,1,5
594,270211,4,6
595,267592,4,7
596,284495,3,9
597,2702AI,5,1
597,284272,5,3
598,2147020101,5,1
598,458247,3,8
599,2845A5,3,3
600,267045,2,9
600,267496,2,2
600,270232,5,5
600,270238,3,10
601,284495,3,3
602,2701AF,1,9
602,284216,2,7
603,270346,1,8
604,2213010301,1,3
605,284343,1,7
605,2844S4,1,4
606,2115030301,1,2
606,2125040591,1,5
606,27654U,1,10
607,2843A8,4,5
608,2126020191,3,3
609,2665AK,3,1
609,267496,4,10
610,2915020090,3,9
611,2703C6,3,9
611,2945000108,4,5
612,267321,5,5
613,270370,1,4
613,2703BE,1,1
614,2114050101,4,2
614,270199,5,5
615,284495,5,7
616,284491,2,1
617,2916010004,1,6
618,26537H,4,5
619,2127040791,1,5
620,286300,1,7
621,267321,4,3
622,458298,4,7
623,270245,3,1
623,2843A9,5,2
624,2844B5,5,2
625,2124021091,1,6
626,2703A5,2,5
627,4916040009,3,1
628,270244,4,1
628,270290,4,5
629,2844B5,2,6
630,267548,4,2
630,458532,4,4
631,270204,5,9
632,286594,3,3
633,2111021801,3,1
633,2843B8,2,8
634,458436,5,9
635,2701AF,3,7
636,284344,1,5
637,270242,5,2
638,2703B9,3,5
639,2126040601,4,5
639,270453,3,1
640,270320,4,7
640,458524,4,3
641,2125040101,4,5
642,267380,4,8
643,2212012401,1,10
644,4916040010,1,1
645,266520,5,9
646,2702A2,4,1
646,284341,3,6
646,4137050201,2,9
647,267151,5,10
648,2127050201,1,2
648,2916210001,5,4
648,4137050201,2,7
649,2115023601,5,10
649,286DK1,5,7
650,284193,2,5
651,267434,2,10
651,2916010002,5,9
652,270241,1,10
652,2917020005,5,6
653,4127050301,1,4
654,2137020101,1,8
655,4916040014,5,8
656,26544G,3,10
657,458350,4,7
658,267317,2,1
659,4122041101,1,1
660,26524F,4,5
661,2842B6,4,2
662,267045,2,2
663,2701BG,3,2
664,265121,4,1
664,2845S6,4,2
665,270311,4,2
665,458437,1,2
666,284341,1,3
667,267441,1,2
668,284148,5,1
669,266274,5,8
670,266547,1,4
671,2117020701,3,10
672,2147022601,5,2
673,284311,5,4
674,2701AI,5,2
674,2842A4,2,8
675,2662A4,3,5
676,4916040018,3,10
677,267394,5,6
678,458440,5,5
679,2127040301,1,9
680,2702AQ,3,2
681,2116050101,3,10
682,2117021501,2,3
683,2912020003,2,10
683,2945000103,4,6
684,2415000119,5,6
685,270347,4,2
685,4126041201,1,4
686,267456,4,1
687,2125024001,3,6
687,2701BG,2,8
688,267196,3,5
689,2117030391,2,3
690,270391,2,7
690,270399,3,4
690,458299,5,2
691,2132020101,1,3
691,26515L,4,9
692,270256,3,5
693,270267,5,4
694,2116050101,4,3
695,458325,3,6
696,267377,4,4
697,284398,4,3
698,270218,2,3
699,2703AL,2,6
700,267426,1,7
701,2145020101,2,9
701,286878,2,4
702,284192,4,7
702,2912010001,2,6
703,2845S3,5,5
704,267205,2,3
704,2844S1,1,4
705,267548,4,4
706,270153,5,6
707,26512A,3,1
708,2652BE,5,1
709,284144,4,8
710,2212010301,4,3
710,284491,2,5
711,26552D,3,6
712,284442,4,8
713,458523,4,1
714,418101,3,7
715,267143,1,7
716,2111011591,1,6
716,2914020003,1,7
717,266374,1,8
718,267307,4,4
719,265223,3,5
719,2862Y3,1,5
720,2917020006,3,1
721,458446,3,5
722,267577,3,8
723,2917010002,3,10
724,270226,4,5
724,2702AE,3,1
725,2112030801,1,9
726,26524I,1,9
727,2114031091,5,3
728,2114011201,3,2
729,266547,5,5
730,2147022601,2,3
730,266247,3,8
730,270208,1,6
731,2126023191,5,9
732,284444,1,5
733,2125024001,4,2
734,266347,1,5
734,284521,5,4
735,2111011591,5,8
736,2842A1,2,5
737,2702B5,5,7
737,418008,5,2
737,4916040010,2,3
738,26524I,5,2
738,418011,5,2
739,284126,5,2
740,265223,2,8
740,458201,2,8
741,270365,1,10
742,458436,5,10
743,267153,3,1
744,265221,3,5
745,270189,4,6
745,2703AX,1,1
745,458434,4,3
746,265428,3,5
746,2702BP,1,8
747,266217,5,3
748,284101,1,10
748,2912010001,2,2
749,265229,5,6
750,4917040002,1,2
751,26542E,5,3
751,267496,1,4
752,270228,4,4
753,267180,4,5
754,2144021691,5,7
754,266232,5,4
754,266346,4,4
755,2115023601,1,7
756,276F8N,2,8
757,286ECD,2,4
758,284344,2,10
758,458341,4,2
759,2213010301,3,3
760,26522A,2,5
760,267334,4,8
761,2126024001,5,9
761,2844A8,5,9
762,465281,3,10
763,2144020101,5,4
764,2112021801,2,1
764,2147020801,3,9
765,270194,2,3
766,270116,2,9
767,2127020201,1,9
767,2915030002,5,7
768,2147020401,1,5
769,270365,2,8
770,284192,4,5
771,2137020101,3,8
771,458197,4,9
772,4916040009,2,5
773,418010,5,5
774,4127041201,1,6
775,284246,3,5
775,458197,3,9
776,2213010301,2,1
776,418001,5,10
777,270165,1,9
777,270360,5,9
777,418012,5,6
778,2842C1,5,5
778,458201,2,8
778,458541,4,5
779,458424,1,3
780,284341,1,3
781,458296,3,5
782,267013,3,4
782,267277,3,8
783,2703A7,4,7
784,2662A4,1,2
784,2917010003,1,1
785,458047,5,3
786,267442,1,7
786,270153,5,7
786,2914010016,4,6
787,267011,2,3
787,2915010019,5,9
788,270203,1,3
788,270314,2,10
789,2703A8,5,7
790,270247,2,8
791,2116011201,5,4
792,267494,1,6
792,284262,2,8
793,270221,5,3
793,458249,5,3
794,2126020191,4,3
795,26544F,5,9
796,270230,3,3
797,4127041401,1,2
798,2114031091,5,5
799,2115020501,4,6
799,267178,5,1
800,2701AF,2,7
800,458148,1,5
801,2844A1,3,6
802,2127020401,1,8
802,2867AE,1,8
803,2844B4,1,1
804,2126040591,4,7
804,2845930002,2,5
805,2145020201,3,9
806,26548J,3,10
807,458325,4,10
808,26522E,3,5
808,267181,2,2
809,2911020003,1,1
810,266220,3,8
810,4585300002,4,9
811,284215,2,8
812,270199,2,7
813,270160,5,10
814,2117021501,2,10
814,458147,1,4
815,26552E,2,9
816,2211012301,1,3
816,2702BF,3,4
817,265229,1,8
818,284472,4,8
819,458197,5,8
820,2137011601,1,1
821,2701AF,5,10
822,26522C,5,6
823,2703AT,3,4
824,2662A3,1,1
825,267546,3,1
826,458148,1,4
827,2701BE,1,4
828,2126030101,1,1
829,26552C,3,2
830,2701B7,1,5
831,270316,2,10
832,26524I,3,9
833,2845A5,3,8
834,2115021701,5,10
835,270226,5,1
835,270280,5,10
835,2917020005,1,3
836,458421,5,5
837,2112021301,3,3
837,270127,4,8
837,270327,5,10
837,458521,4,1
838,267445,3,3
839,270263,3,6
839,2843A2,5,3
839,2914020013,2,9
840,267125,3,4
841,284143,1,5
842,270250,3,2
843,267296,3,2
844,2845C2,2,8
845,4916040011,4,7
846,284495,4,4
847,276EDL,4,2
848,270276,4,10
848,284318,4,7
849,2212010201,1,4
850,270232,5,3
851,26515L,4,10
851,286594,1,9
852,2144022601,4,10
852,2662A4,3,10
853,270130,4,7
854,2116020501,2,4
854,2843S2,4,2
855,270211,4,1
856,267292,4,10
857,2701C4,4,4
858,2144020391,4,7
859,267042,5,2
860,2703AT,3,4
860,2869UL,4,2
861,2125041401,4,2
862,270103,4,7
863,2652BE,4,5
864,2126020191,1,4
865,2663A7,1,5
865,286594,3,9
866,265481,1,5
867,2914020003,2,7
868,265481,2,1
869,2127040301,1,8
870,2702BO,4,1
871,296384,4,5
872,2701BG,3,5
873,267291,3,6
874,2112020501,5,1
875,284145,2,8
876,26512C,3,8
877,2703AN,1,2
877,2865B4,2,5
878,2126023191,3,10
878,284362,3,4
878,2845B6,4,1
879,267322,2,6
879,2916021801,5,7
880,2703AA,4,4
880,2945000108,4,3
881,267148,5,8
882,2415070102,3,1
882,2702BG,5,10
883,267454,2,4
884,270231,2,8
885,2125040491,1,2
885,2842A9,2,6
886,2703AR,1,7
887,2845A5,3,7
888,2116021701,5,10
889,2844160000,3,1
890,270323,2,4
891,284495,4,10
892,2702AH,3,5
893,2702AZ,4,10
894,26522E,4,6
895,284196,1,7
896,2863V1,4,5
897,284450,1,8
898,2415000119,2,6
899,4122041101,2,5
900,2112020401,3,3
900,2703AN,5,8
900,284372,3,1
901,26522D,3,9
902,458420,4,10
903,2914020014,1,4
904,270109,2,4
905,270376,3,1
906,270127,4,6
907,4127041401,1,5
908,267316,5,8
909,2213010301,5,8
910,2863CA,5,9
911,2116020391,3,4
912,286ECD,2,1
913,267401,1,5
913,2916010002,3,1
914,2213013691,3,1
915,267148,3,1
916,265226,3,8
917,267425,3,7
918,267402,5,3
919,284444,3,3
920,2125040801,5,8
921,2844A4,3,4
922,270154,1,4
922,284593,5,2
923,2125022191,3,10
923,2703BG,4,10
924,265322,4,4
925,267280,3,8
926,284315,3,8
927,270320,2,10
928,267256,2,2
929,270308,1,9
929,2917020006,5,6
929,4137050201,2,7
930,270150,3,2
931,2702B6,3,7
932,2127020901,1,6
933,2115020691,2,10
934,4136050291,4,6
935,2124020101,1,1
935,2125040801,4,5
935,267422,1,1
936,270104,5,4
937,458345,5,9
938,2147020401,4,7
939,458347,4,3
940,270390,2,8
941,26552A,1,6
941,276GDS,3,3
942,270150,4,3
943,2911020003,3,10
943,4915040005,5,10
944,270381,3,5
945,2703AF,3,1
946,26512C,2,4
947,26554F,3,5
948,2115030391,1,9
948,2914020092,1,1
949,270217,5,8
950,2911020003,3,9
951,2112030801,2,5
952,270126,4,7
953,284295,5,5
954,270206,4,1
954,418007,5,3
955,270330,3,1
956,2124020301,1,5
956,267042,3,6
956,284109,1,8
957,284145,5,2
958,26522A,5,6
959,2125020901,2,6
959,458147,2,3
960,267473,2,10
960,2914020003,3,9
961,2117022201,3,7
962,267226,3,10
963,265527,4,3
964,267592,4,4
964,2703AA,4,6
965,267196,1,8
966,458446,4,1
967,265A29,5,4
967,2664A4,2,3
968,270175,2,5
969,2917020006,4,10
970,270332,5,1
971,267205,2,7
972,270365,3,5
973,2117050201,4,4
973,458299,5,9
974,267446,1,10
974,8001,3,2
975,4916040018,5,7
976,265529,5,10
977,270236,2,3
977,458437,1,7
978,2702BF,3,5
979,267280,3,3
979,284303,2,4
980,2114010601,2,8
980,270256,3,1
981,2213010301,5,4
982,2145020801,1,9
983,270132,5,7
984,284545,3,2
984,4127041601,1,9
985,26552D,4,1
985,284143,3,9
985,458428,1,7
985,465261,5,2
986,270326,3,7
987,267148,2,6
988,2843B5,3,1
989,284499,4,5
990,2703B5,2,8
991,270294,2,4
991,2843C2,3,2
992,2147020801,4,4
993,2124020301,1,4
993,2702AY,5,2
994,2125040201,2,3
994,465261,4,1
995,267012,2,9
995,270142,5,7
996,2127022501,1,4
997,270322,5,9
997,284544,3,6
998,2844B5,2,9
999,2915010012,3,7
1000,2662A7,5,1
1001,2662A3,4,9
1002,4126050301,1,2
1003,284396,4,5
1004,2114021201,2,7
1004,2144020201,3,7
1005,26558J,4,6
1006,267178,2,1
1006,267341,5,4
1006,2702AK,5,4
1007,270199,5,1
1007,2767IH,3,8
1008,2135000001,2,10
1009,2111011591,3,7
1009,26504C,2,5
1009,2915010003,1,4
1010,2126023401,5,10
1010,458147,2,7
1011,270185,1,10
1012,270126,5,8
1013,2115023601,3,9
1014,26504C,1,3
1015,2127021001,1,2
1016,267226,3,2
1017,265227,1,1
1017,270371,5,5
1018,2112020601,1,10
1019,2112020601,3,6
1020,26514F,2,2
1020,265321,4,10
1021,270289,4,10
1022,2136011602,1,1
1023,2136011602,3,3
1023,267047,3,5
1024,284101,4,9
1025,2115021301,2,6
1026,2125040301,4,3
1026,267246,3,8
1026,270390,1,1
1027,2125041401,5,2
1028,466301,1,5
1029,270154,1,2
1030,270176,4,7
1031,2115030201,3,3
1032,270130,5,9
1032,2844B3,5,10
1033,2843A2,2,9
1033,284593,5,7
1034,296001,3,10
1035,265227,1,10
1035,458343,3,6
1036,267014,4,3
1037,270338,5,3
1038,2703BG,4,8
1039,2701AF,3,4
1040,2843A2,1,9
1041,2842C9,5,2
1042,270138,4,1
1042,2842080002,2,10
1043,4126040201,2,4
1044,267534,5,1
1045,2147020301,5,1
1045,284348,4,6
1046,418301,5,5
1047,2125040101,1,1
1048,2115024801,2,6
1049,2125022191,3,9
1049,266317,4,7
1049,284273,3,5
1050,284126,1,10
1051,270159,1,8
1052,2127040901,1,2
1053,2114020291,3,10
1054,286D0B,5,2
1055,2701AE,1,3
1056,2702A1,5,1
1057,2212010191,3,4
1058,213006,3,2
1059,2116020201,3,2
1060,2844C6,2,5
1060,2914010018,5,10
1061,270291,2,7
1061,270330,3,6
1062,26512A,3,7
1063,2126050201,3,3
1063,270161,1,10
1064,284452,1,4
1065,265428,4,1
1066,267191,2,3
1066,270161,1,7
1067,270261,3,4
1068,284302,5,5
1069,2126024001,5,10
1069,270388,5,5
1069,2865B4,1,1
1070,466301,1,4
1071,265321,5,5
1071,267125,3,10
1072,284142,5,5
1072,296001,2,5
1073,265228,5,3
1074,267551,4,3
1074,2702A7,4,7
1075,265228,4,6
1076,270389,4,10
1077,267551,4,4
1078,2132023703,3,3
1079,2917021801,3,2
1080,2114031091,5,9
1081,2127020201,1,8
1081,270238,3,5
1082,296343,4,8
1083,26515L,3,6
1083,270250,5,1
1083,270330,5,3
1084,284304,1,9
1085,270239,1,10
1086,267281,5,8
1087,2842A6,5,7
1088,2701AV,4,6
1089,2701AM,4,5
1090,2115023601,3,8
1091,26552C,1,5
1092,2701AB,1,2
1093,2844C8,4,8
1094,2702AX,1,3
1095,2147022301,1,1
1096,267142,5,4
1097,2767JU,2,7
1098,270226,5,1
1099,2845S2,5,8
1100,284341,1,10
1100,2845C2,2,10
1101,2114020401,1,3
1102,2843080002,1,3
1102,2845A2,2,7
1103,284346,3,8
1104,2415070102,3,1
1104,2702AZ,3,4
1104,2703AZ,2,10
1105,2125040101,4,3
1105,284193,2,6
1106,458496,4,6
1107,2125040901,2,10
1107,286300,1,2
1108,270286,4,4
1109,267478,4,4
1110,284372,1,10
1111,2703BC,3,8
1112,270361,5,8
1113,2111011591,1,8
1114,267242,4,8
1115,276FSH,2,3
1115,284126,5,9
1116,2916020010,1,1
1117,267001,2,3
1118,284302,3,7
1119,270305,4,6
1120,284472,4,3
1121,296343,4,2
1122,2115020501,3,10
1122,2147020101,2,6
1123,2702AF,4,9
1124,284363,4,8
1125,284247,5,2
1126,4916040017,4,7
1127,284362,3,3
1128,284593,5,7
1129,26537H,4,5
1130,270139,1,9
1131,270242,5,5
1131,28668C,1,4
1131,458496,1,2
1132,2662A7,2,1
1133,270161,1,5
1134,267102,2,2
1134,284302,1,9
1135,284318,3,7
1136,284372,5,4
1137,270390,5,4
1138,270124,2,3
1139,265527,4,7
1139,2665A7,1,10
1139,270320,1,1
1140,270281,3,7
1141,2126040401,4,6
1141,270361,4,4
1142,267425,4,8
1142,284040,5,4
1143,267451,4,9
1143,284252,3,5
1144,267556,2,5
1144,2865B4,2,8
1145,267174,5,4
1146,2134020101,3,5
1146,270151,1,9
1146,270217,5,4
1147,286056,1,1
1148,267492,1,3
1149,2702AF,5,7
1150,284341,1,10
1150,2843C9,5,6
1151,2914020003,1,6
1152,265A29,4,5
1153,270299,1,10
1154,2916021801,1,4
1155,284297,5,9
1156,270307,2,1
1157,2703AN,2,4
1158,296002,5,2
1159,265527,3,5
1159,2702AF,5,2
1160,266474,3,5
1160,2845S2,5,8
1160,4122041101,4,6
1161,270245,3,8
1161,2916010002,5,2
1162,267126,2,9
1162,284310,1,9
1163,2917020006,4,6
1164,270144,4,10
1165,2127040901,1,6
1166,2144020201,5,4
1167,266547,4,6
1168,2125040601,4,10
1169,267254,4,1
1169,2767JU,1,8
1170,270380,5,6
1171,270165,3,5
1172,458148,1,7
1173,270110,1,10
1174,2114020501,1,6
1175,2662A7,4,6
1175,284173,5,2
1176,2702AF,2,6
1177,2117020501,1,9
1177,2767JU,4,1
1178,270249,3,6
1178,2917020005,4,9
1179,270138,2,8
1180,265529,1,7
1181,270204,5,3
1182,2111011591,1,10
1183,270211,4,6
1183,4122041101,4,3
1184,2914020013,3,9
1184,4137050201,2,4
1185,270199,2,4
1186,265428,4,5
1186,270253,4,9
1187,270294,2,1
1188,418301,5,7
1189,265528,1,8
1190,2845B3,2,1
1191,2702AX,1,9
1192,267522,5,4
1192,2844160000,2,2
1193,2114011201,3,4
1193,265223,2,5
1193,2701A9,4,3
1194,284145,5,10
1195,2117020791,3,9
1195,265A29,5,3
1195,4126041801,3,6
1196,2144021691,4,1
1197,2117030901,4,1
1198,4126041201,3,9
1199,2127021001,1,9
1200,26534G,4,2
1201,2915020090,3,7
1202,2127024891,2,5
1202,270303,2,5
1203,284145,4,1
1204,2701AQ,3,10
1204,458197,1,4
1205,284524,5,10
1206,2147020301,1,10
1206,2702B5,2,10
1207,266574,5,7
1207,267045,1,10
1208,2144022301,4,7
1209,26552C,1,9
1210,265323,1,1
1210,284407,4,2
1211,2111011591,4,10
1212,284209,2,2
1213,2115030301,3,5
1214,270276,5,10
1215,267378,3,3
1215,4915040005,5,9
1216,284593,5,8
1217,284341,1,6
1218,2144020101,3,4
1219,2702BL,4,10
1220,2117020391,3,3
1221,270250,5,7
1222,2844B3,5,8
1223,270199,4,2
1223,2701B7,1,6
1224,265322,1,5
1225,28668C,1,8
1226,2211010301,4,8
1226,26554G,1,9
1226,2662A7,2,6
1227,265225,4,5
1228,270176,3,4
1229,270376,3,8
1230,2127023391,1,6
1231,2701C6,3,4
1232,2125040101,1,8
1232,2843B3,4,7
1233,270176,2,3
1234,2115020501,5,7
1234,2701B9,3,2
1235,2115022201,1,10
1235,2914020013,3,6
1236,2127040491,1,3
1237,2134020101,5,2
1237,267342,5,6
1237,2867II,2,9
1237,2916020010,1,2
1238,4125041801,5,10
1239,270350,4,2
1240,26556N,2,7
1241,270153,5,1
1242,2702AE,1,9
1243,284214,2,6
1243,4125041501,5,6
1244,265A29,2,8
1245,2844A9,3,9
1246,270322,5,6
1247,2147021601,3,7
1247,266517,1,7
1248,2914030003,3,7
1249,267194,3,8
1250,2115040101,1,7
1250,2702AE,5,6
1251,2115050101,1,3
1252,270281,3,9
1253,2127040901,1,10
1253,213027,2,7
1253,2701AN,5,9
1254,2125022191,1,9
1254,270340,5,1
1255,2701A4,1,4
1255,2912010003,4,7
1256,270150,1,2
1257,266346,4,9
1257,458346,1,7
1258,2915010006,2,10
1258,458350,4,5
1259,4917040092,1,3
1260,284206,5,10
1261,2665AK,4,9
1262,265224,1,8
1263,2111021801,3,7
1264,267342,5,2
1265,2144022601,3,3
1266,270190,2,9
1267,2125040901,3,1
1268,2126023201,5,9
1269,213006,1,10
1269,2701AE,3,1
1270,2125020301,5,4
1271,2137020101,2,6
1271,2144022601,4,10
1272,2844160000,5,9
1272,458433,4,6
1273,270390,3,2
1273,2845S3,5,9
1274,266220,2,8
1275,266520,2,1
1275,418001,5,5
1276,2117030901,4,8
1277,2911010001,3,10
1278,270210,1,2
1279,26522D,4,6
1280,2126040401,4,7
1281,26526N,1,6
1282,2126023191,4,5
1283,458446,1,5
1284,2124023401,1,3
1285,458325,1,2
1286,2843A7,3,4
1287,4916040007,4,6
1288,26554G,2,9
1289,2147020101,2,5
1290,266517,2,8
1291,2844080002,4,1
1292,2945000103,2,6
1293,266232,1,8
1293,284218,2,9
1294,2213010201,1,1
1295,267549,4,10
1296,2115022201,1,7
1296,26526N,4,7
1296,267342,2,7
1297,2145020101,2,9
1298,267351,5,9
1298,2703AF,1,4
1299,284541,3,2
1300,267473,3,10
1301,2844B8,3,1
1302,267143,1,9
1303,2144020391,5,10
1303,4916040011,3,5
1304,2915023901,1,1
1305,267126,4,8
1306,2125023401,3,10
1306,2127040901,1,5
1307,2125022191,4,8
1307,270349,3,6
1308,2125022401,1,6
1309,213006,4,9
1310,265225,4,5
1311,26554F,1,9
1312,2914010018,5,8
1313,2702AW,1,10
1314,267256,2,3
1315,466501,3,10
1316,2147022601,2,10
1317,2915010016,2,9
1318,2116030291,3,9
1319,270286,4,6
1320,2115023601,5,6
1321,458428,1,4
1322,284573,3,8
1323,2844B4,1,2
1324,267321,1,6
1325,2145020801,1,2
1326,458438,5,2
1327,265428,2,9
1328,270370,1,9
1329,2702A2,4,3
1330,4916040009,5,7
1331,284205,5,7
1332,2702AW,4,5
1332,284307,5,4
1333,4126041801,3,9
1334,2126022401,1,9
1335,267402,5,3
1335,267573,5,1
1335,284101,2,4
1336,2702C2,2,3
1337,270225,4,3
1338,2124020991,1,4
1339,266247,2,3
1339,466501,5,1
1340,2114020101,2,9
1340,2116030691,1,8
1341,270363,1,3
1342,266220,3,1
1343,2116050101,3,5
1344,270328,4,9
1345,284445,3,3
1346,284302,4,4
1347,458531,4,5
1348,266346,4,5
1349,213028,4,2
1350,2116021291,5,7
1351,276GDS,5,7
1352,267042,5,1
1352,270355,2,8
1353,296002,5,3
1354,2701B4,3,1
1354,270330,2,7
1355,270124,2,4
1356,2146020301,1,4
1357,26552D,5,9
1358,276FDN,5,2
1359,4916040018,1,4
1360,2116030691,1,1
1360,265581,4,3
1361,26528J,1,7
1362,270330,1,5
1362,2916010002,5,7
1362,458396,2,2
1363,2702BG,2,9
1364,267001,2,10
1365,265225,5,6
1366,2703AE,2,9
1367,26528J,4,4
1368,2111023601,5,10
1368,2702BE,1,10
1369,266574,5,5
1370,2147022601,2,3
1371,284508,5,10
1372,26522E,2,1
1373,265226,2,8
1374,266520,2,6
1375,2115020401,2,1
1376,2702AL,2,4
1377,266374,1,10
1377,2843A2,2,3
1378,270303,1,2
1379,270199,1,7
1379,284309,3,8
1380,2844C1,1,5
1381,2144022301,4,2
1381,284143,1,9
1382,267421,3,3
1383,2146022601,2,9
1384,267156,3,3
1384,2844S1,1,7
1384,458423,1,4
1385,270306,3,8
1385,284262,2,6
1386,2665A7,5,6
1386,2701AV,5,4
1387,2703AR,4,6
1388,2703AF,2,3
1389,270323,2,3
1390,270107,2,1
1391,2114020691,1,6
1392,2115030501,3,8
1393,4915010001,1,8
1394,2842C7,2,5
1395,284145,2,4
1396,2116020101,3,2
1397,2866HI,3,4
1398,2211014401,4,6
1398,270130,4,3
1399,26559M,3,6
1400,2702A2,4,2
1401,2912010002,4,3
1402,2701BN,1,1
1403,2144022301,3,4
1404,2111011591,4,8
1404,2917020005,2,3
1405,2111011591,2,4
1405,270266,2,10
1405,2867AE,1,5
1405,465281,2,4
1406,284196,5,3
1407,2115050101,2,7
1408,267526,3,10
1409,2911020002,3,9
1410,270299,4,4
1411,2211010301,2,3
1412,2124023191,1,6
1413,26504C,4,5
1414,284346,2,2
1415,2125040101,3,8
1415,2843A8,4,8
1416,2844160000,3,7
1417,4125041801,5,9
1418,265226,4,10
1419,2765TU,1,1
1420,286DW1,4,2
1421,266217,1,6
1421,418001,5,8
1422,2124030201,1,5
1422,26556N,2,6
1423,267045,4,4
1423,2703C4,4,3
1424,267425,2,7
1425,2117020701,3,7
1425,267433,4,9
1426,270116,2,4
1427,267591,3,5
1428,270285,1,5
1428,2703AW,3,6
1429,2914010017,1,2
1430,265229,2,4
1431,270297,2,1
1432,2117021201,2,10
1432,2126020191,2,7
1433,270247,3,8
1433,284345,1,3
1434,2125020401,2,8
1434,270238,5,5
1435,8010,3,8
1436,2844A1,3,5
1436,286056,4,10
1437,270199,2,7
1438,276JDG,1,7
1439,26534G,4,4
1440,266247,4,5
1441,2914010017,1,9
1442,270201,4,7
1443,2916010006,3,7
1444,2843A8,2,8
1445,2115020101,5,8
1445,458446,5,9
1446,2116020201,3,2
1447,267253,4,3
1447,276F8N,2,4
1448,265222,4,10
1448,266046,1,10
1449,265429,4,9
1449,458345,5,8
1450,2144020391,3,1
1451,26526N,2,8
1452,2114021201,2,7
1452,2144020401,2,8
1453,26522C,3,2
1453,270250,3,9
1454,2116022201,4,1
1454,2212012401,1,6
1454,2703AY,1,7
1454,2703B7,1,3
1455,2916010002,2,1
1456,270267,5,7
1457,270176,5,10
1458,2126023191,1,2
1459,267334,3,7
1460,270350,2,7
1461,284341,2,6
1462,270275,2,3
1463,267554,4,3
1463,270306,3,7
1464,2665A4,2,5
1464,2701AE,2,10
1465,2213013201,2,3
1465,266374,1,6
1466,286DW1,4,7
1467,2863CB,5,6
1468,284345,1,6
1468,2914010009,5,8
1469,2768IQ,3,10
1470,265322,3,10
1471,2126022501,3,10
1472,267546,3,1
1472,2845B3,2,6
1473,2701AV,3,1
1473,2843B3,4,10
1474,2147022601,2,9
1474,270217,5,5
1474,284508,5,4
1475,267102,2,6
1476,26552E,5,6
1477,270271,5,2
1478,284344,1,2
1479,266546,5,3
1479,270297,2,2
1479,466501,2,1
1480,2844A1,3,2
1480,2945000108,5,6
1481,2147020101,1,7
1482,284126,4,6
1483,267326,3,3
1484,265223,3,10
1485,270199,5,6
1485,2701B8,1,9
1486,2117020701,3,4
1487,270333,2,2
1488,2842C4,2,7
1489,266247,1,5
1490,2126022501,3,5
1490,270186,4,9
1490,284494,3,5
1491,2114010601,2,7
1491,284206,5,3
1492,2115030201,3,4
1493,270306,4,9
1494,284350,3,3
1495,2112020601,4,7
1496,4136050291,4,8
1497,458426,2,6
1498,267042,5,10
1499,276EDL,4,10
1500,2844B4,1,3
1501,4916040010,4,8
1502,2112030801,5,2
1502,284574,3,5
1503,270299,2,5
1504,26522D,5,5
1504,284593,5,4
1505,2914010020,5,4
1506,2703B3,3,5
1507,2703A3,2,6
1508,2112010701,2,8
1509,270259,1,10
1509,284548,5,10
1510,2701A9,4,9
1511,267153,3,2
1512,2845C4,2,5
1513,267593,3,4
1513,2702AZ,3,6
1514,276DCU,3,1
1515,2860I6,2,5
1516,270126,4,3
1516,284146,2,3
1517,284593,5,4
1517,4916040009,1,2
1518,26524F,4,4
1519,2116050101,2,1
1520,270363,4,1
1520,2915010002,2,7
1521,266220,2,10
1522,2703B5,3,4
1523,2212013101,1,7
1523,2844C7,3,7
1524,265321,5,2
1525,2126020191,3,2
1525,26504C,5,9
1526,266446,5,10
1527,284196,2,9
1528,2415070102,5,1
1529,2916010002,4,1
1530,2211010301,3,10
1531,284398,4,5
1532,284101,1,2
1532,2914020092,3,3
1533,26512C,4,9
1534,266432,1,10
1534,267246,3,4
1535,2144022601,3,5
1536,2663A7,1,4
1537,267012,1,10
1538,2912010002,4,9
1539,2126020191,2,9
1539,2126021001,1,5
1540,266420,3,9
1541,266320,4,4
1542,270266,2,7
1543,2915010004,4,1
1543,4137050201,5,7
1544,2112020401,3,5
1545,2845C8,2,3
1546,2842B7,5,10
1547,2703AN,3,7
1548,2117023601,5,8
1548,26548N,4,3
1548,267349,4,5
1548,458148,1,3
1549,270238,5,5
1550,2134020101,3,5
1550,266520,5,4
1551,2916010002,5,6
1552,2844A6,4,7
1553,265481,1,2
1553,2767JU,4,6
1554,26528J,4,4
1554,270390,3,2
1555,2845A8,2,7
1556,2862T3,1,6
1557,284415,4,5
1558,270363,5,6
1559,265224,5,4
1560,267345,4,1
1560,270323,2,6
1561,2144020401,3,8
1562,2114021891,3,5
1563,2144020391,1,4
1564,2862Y3,1,8
1565,26522A,2,5
1566,2125041101,3,10
1566,458325,4,7
1567,265223,1,3
1567,270103,5,10
1568,2111011591,1,8
1569,2702BL,4,8
1570,2702AM,4,7
1571,2702AZ,2,5
1572,2701AE,2,5
1573,26528J,2,9
1574,2125040791,3,3
1575,26512C,5,7
1576,270344,4,9
1576,2703AZ,3,8
1577,270269,4,4
1577,2865PD,5,4
1578,2702AN,4,10
1578,270320,1,7
1578,284248,5,4
1579,270250,5,3
1580,270306,3,3
1581,284296,5,9
1582,26548J,3,6
1583,458345,5,8
1584,2663A7,1,5
1585,2127023401,1,8
1585,270223,2,10
1586,265322,4,4
1587,2125020401,2,2
1588,2843B1,4,3
1588,4915040002,5,3
1589,2703A9,4,7
1590,270399,1,4
1590,458521,4,3
1591,2211010301,4,1
1592,2211010301,1,10
1593,2702BG,2,8
1593,270315,5,1
1594,2127040801,1,5
1595,2914020092,5,5
1596,2917010003,1,10
1597,265327,3,6
1598,266246,3,1
1598,2703AF,4,7
1599,266517,3,1
1600,265528,2,4
1601,2112020401,2,4
1601,2125040101,3,9
1601,26554F,4,5
1602,2125024001,5,4
1603,2415000107,4,6
1604,267196,3,3
1605,270354,1,7
1606,267377,3,7
1607,284308,3,5
1607,465262,5,3
1608,284109,3,6
1609,2701B3,3,9
1609,458439,2,9
1610,2132023703,3,8
1611,26558J,3,3
1612,2112021301,3,9
1613,2115020901,4,8
1613,2703AR,4,3
1614,284204,4,8
1614,2915010002,2,1
1615,266320,4,7
1615,284193,2,5
1616,2147020801,4,6
1617,267548,4,8
1617,2915010004,1,9
1618,265222,5,9
1618,2703AE,1,7
1618,2917030001,3,7
1619,2144020201,4,6
1619,2701AC,5,6
1619,2843S3,4,2
1620,4127041401,1,8
1621,2703AP,3,9
1622,2126023201,5,3
1622,270320,5,3
1623,284143,5,6
1624,2662A4,2,8
1625,2125022191,1,1
1625,4125041801,5,3
1626,2144020391,1,6
1626,2147020801,4,6
1627,270210,4,10
1627,8008,2,10
1628,2111011591,3,7
1629,2664A7,4,3
1629,270350,1,3
1630,270360,5,1
1630,2845S3,5,3
1631,2126024001,5,4
1632,2845080002,2,9
1633,2702AI,5,6
1634,26548J,4,5
1634,284318,1,5
1635,270132,5,5
1636,267441,1,4
1637,284149,4,8
1638,26542B,1,4
1639,296384,4,5
1640,267449,5,1
1641,26527H,1,9
1642,265581,1,2
1642,2843C1,4,8
1643,2843A5,3,6
1644,267334,3,10
1644,2843B4,1,1
1645,2125040101,5,10
1645,2126023191,2,7
1645,4127040401,1,8
1645,4137050201,4,10
1646,4916040018,1,9
1647,2702A4,1,4
1648,2124022401,1,7
1648,458147,2,8
1649,267496,1,2
1650,2127022501,1,5
1650,270153,1,10
1650,465281,5,5
1651,458147,1,8
1652,284226,4,1
1653,2124023191,1,8
1654,2844C1,1,9
1655,267192,3,9
1655,270126,5,5
1656,26518J,5,2
1656,267214,2,3
1657,284145,3,3
1658,266274,4,5
1659,458196,3,8
1660,2843B6,3,2
1661,2915020095,3,3
1662,267321,5,10
1663,2702BE,1,10
1664,2415000119,3,1
1664,284292,5,10
1664,4126050301,1,4
1665,2114020701,3,10
1665,270237,2,3
1665,458103,5,5
1666,2915010006,2,3
1667,2916020013,2,10
1668,270299,3,1
1669,2117020601,1,2
1670,270125,4,8
1670,270297,2,7
1671,2915020012,1,8
1672,2115031091,2,7
1673,2137020101,3,7
1674,2212013801,3,5
1674,270151,1,8
1675,270161,4,9
1675,270304,5,2
1676,267473,5,1
1677,2662A3,1,4
1678,26548N,4,4
1679,270306,2,2
1679,276FSH,2,9
1680,284450,3,10
1681,2112020401,3,7
1681,458397,1,2
1682,265128,2,10
1683,267449,5,1
1684,2126022501,3,6
1684,458345,5,3
1685,266574,4,2
1686,270361,2,3
1686,458434,4,10
1687,284291,4,2
1688,2125022191,4,3
1689,2916010008,5,5
1690,2917010001,1,6
1691,267322,2,1
1692,26512A,3,1
1693,2114011201,3,9
1694,26527G,1,10
1695,284009,5,10
1696,284250,2,9
1697,2703C1,3,3
1698,2146022601,2,9
1699,8001,3,9
1700,267448,4,2
1701,2115023601,4,10
1701,266417,2,7
1702,458345,5,3
1703,284143,1,10
1703,2843A2,4,8
1704,270220,2,2
1705,26537H,5,3
1705,26552D,2,8
1706,2137020101,5,8
1706,4916040009,1,9
1707,270138,2,1
1707,4434020002,3,9
1708,26556N,1,2
1709,265225,5,3
1710,4125041301,3,6
1711,284395,4,7
1711,458329,1,1
1712,2914020003,5,3
1713,2701B8,1,1
1713,458446,4,2
1714,267121,5,1
1715,296001,2,8
1716,4916040011,4,2
1717,2116020391,3,10
1717,2701B4,3,5
1717,2843B8,2,5
1718,2112021301,3,9
1719,270208,1,2
1719,270330,1,6
1720,2125040901,3,7
1720,2843S1,2,2
1721,2132020101,5,8
1722,2125041401,1,3
1722,2916010003,4,8
1723,267045,2,7
1723,458496,3,8
1724,2144020201,1,10
1725,2843B8,3,6
1726,2147022301,3,2
1726,284126,1,2
1727,458433,4,6
1728,2703BD,3,2
1729,267334,5,2
1730,270365,1,5
1731,270220,5,6
1732,2842C2,2,2
1733,270340,5,3
1734,270133,2,10
1735,2145022301,2,2
1736,2703C6,3,2
1737,2701BN,1,5
1737,270203,1,7
1738,270303,5,4
1738,2912020003,2,10
1739,458396,2,8
1740,270230,1,10
1741,265225,4,1
1742,2415070102,1,6
1743,267554,4,5
1743,270157,4,10
1743,2702AW,5,1
1744,270223,2,5
1745,2144020401,3,7
1745,284316,2,10
1746,270104,5,7
1746,458399,2,3
1747,2115021101,5,4
1747,267012,1,7
1748,265325,5,9
1749,2144020201,3,7
1750,267342,3,6
1751,2131011001,3,3
1752,2147020401,4,3
1752,2917030001,3,2
1753,265428,2,9
1754,2131011001,3,9
1754,267547,4,4
1755,458438,5,8
1756,2415000110,2,10
1757,2115050101,2,4
1757,458245,5,9
1758,270375,2,6
1759,2702A7,4,1
1759,2917010006,5,7
1760,458197,5,7
1761,267441,2,5
1762,2915010007,4,4
1763,270153,4,8
1764,2701AK,5,6
1765,2211010591,1,5
1766,2125022191,5,1
1767,26522C,3,9
1768,284314,1,4
1769,265529,4,3
1769,284307,5,4
1770,26512C,1,9
1771,2127050201,1,3
1771,267356,5,1
1772,2701A5,2,7
1773,267239,5,4
1774,286ACD,5,8
1775,284244,3,8
1776,2147022301,4,7
1777,2213014301,4,5
1777,267279,3,5
1778,270191,2,4
1779,270236,2,2
1779,2842A6,5,3
1780,2845A2,2,10
1780,286586,1,7
1781,26504C,4,7
1781,2703AZ,2,4
1782,2115021701,5,2
1782,2415000107,3,8
1783,265321,3,3
1784,270365,1,6
1785,267042,5,9
1785,2844160000,5,2
1786,2112030801,3,2
1786,2842C5,2,4
1786,2843B5,3,2
1787,2125023101,5,7
1787,213006,5,2
1788,2662A3,2,7
1789,2702AL,2,5
1790,26522E,1,9
1791,2213013101,1,9
1791,284243,5,6
1791,284372,5,2
1792,2124020201,1,1
1792,2147022301,4,7
1793,2844C2,1,3
1794,2845B5,5,4
1795,2114030601,3,1
1796,4916040010,2,5
1797,284296,5,6
1798,2124022401,1,2
1798,2147020401,5,10
1799,270150,3,2
1800,267239,5,2
1801,284040-1,4,2
1802,2844960002,3,2
1803,2701AV,4,1
1803,458550,4,7
1804,2125040101,2,5
1804,418201,4,3
1805,2125023101,2,4
1806,2915210008,5,4
1807,267334,4,8
1808,2117020101,2,8
1808,2127020501,1,1
1809,267177,4,10
1810,26552A,3,8
1811,276GDS,3,6
1811,465261,1,2
1812,270138,5,3
1813,265529,5,4
1813,270317,5,9
1814,26522C,5,8
1815,458347,4,4
1816,270136,2,5
1816,2915010020,2,4
1817,267143,1,4
1818,270320,3,6
1818,284143,3,6
1819,2843A8,3,7
1820,284545,3,6
1821,270218,2,7
1822,26527H,5,2
1823,2701AY,4,8
1824,284407,4,2
1825,270190,2,10
1825,458440,5,4
1826,4916040009,1,8
1827,2213010301,3,9
1828,284196,4,6
1829,2112020601,2,2
1829,284308,3,1
1830,267021,2,5
1830,2701AK,5,3
1831,270161,2,8
1832,2916010004,1,10
1833,2662A7,3,7
1833,458243,2,9
1834,2702AW,2,6
1835,2415000107,1,4
1836,267217,3,7
1836,2916010002,3,8
1837,265322,5,2
1838,284202,4,2
1839,2127021001,1,4
1840,266532,1,2
1841,267425,2,9
1842,270215,5,5
1843,2126023191,2,1
1844,267425,2,9
1845,2125024801,3,2
1846,26556N,3,1
1847,2843C5,2,7
1848,2114011501,5,7
1849,2124030201,1,1
1849,2844B5,5,2
1850,266532,3,7
1850,284250,2,10
1851,267141,3,3
1852,270276,3,3
1852,2844A4,5,3
1853,284346,1,5
1853,2917020098,3,5
1854,270201,4,9
1855,2115050201,2,6
1856,26537H,2,2
1856,270256,3,8
1857,270155,2,1
1858,2124020101,1,2
1859,270376,1,9
1860,2144020101,5,10
1861,458446,2,7
1862,267139,5,2
1863,284350,3,5
1864,26558J,5,10
1865,265228,5,3
1865,2914010019,5,6
1866,270247,3,9
1867,267377,1,7
1868,26504C,1,6
1869,458396,2,3
1870,26556N,4,5
1871,2144022601,5,7
1871,418007,5,5
1872,266046,1,3
1872,270368,3,3
1873,4916040001,5,2
1874,265481,4,1
1875,2116021291,5,7
1876,284108,3,7
1877,270322,5,10
1878,284302,4,5
1879,2703AY,4,6
1880,265225,5,9
1881,2702AE,4,2
1882,2663A7,2,10
1883,2125020291,5,1
1883,2126023191,2,2
1884,2702AP,3,1
1885,270208,1,2
1886,284311,5,2
1887,270247,2,1
1888,265321,1,4
1888,2702AW,4,3
1889,270210,5,5
1890,465262,1,10
1891,267107,2,1
1892,2115030501,3,10
1893,26554G,1,10
1893,270338,1,3
1894,458147,1,9
1895,284542,5,8
1896,458325,4,9
1897,266517,3,7
1897,270161,2,7
1898,2703AA,4,1
1899,284040-1,4,3
1899,458398,5,7
1900,2112030801,1,2
1901,2702A7,4,1
1902,2212010201,1,8
1902,270218,2,3
1903,2665A7,4,3
1904,2702A5,2,10
1905,26527H,5,8
1905,2703A3,2,3
1905,2842B1,4,8
1906,2702BD,3,5
1907,2701BF,3,3
1908,2147022601,3,1
1908,270150,4,6
1909,2144022301,1,1
1909,284318,2,10
1910,2914020092,5,8
1911,270162,2,5
1912,266217,1,6
1913,2664A4,2,1
1913,2702AE,1,5
1914,2843B1,4,6
1915,458147,1,2
1916,2703AE,2,10
1916,458420,4,8
1917,270358,5,3
1918,4127040401,1,10
1919,270243,5,4
1920,270128,4,1
1921,284318,1,6
1922,2703BG,1,8
1923,2114021201,2,4
1923,267012,5,4
1924,270203,2,9
1925,2702AM,4,1
1926,2701AV,2,2
1927,458550,4,7
1927,4916040009,3,3
1928,270220,5,5
1929,2127050201,1,6
1930,267216,3,10
1931,2125041401,3,6
1932,265428,5,5
1932,270288,5,3
1933,2842A7,3,1
1934,2914010014,4,8
1935,267245,2,4
1936,2701BF,3,2
1936,284151,4,7
1937,286370,4,2
1938,296002,4,4
1939,265227,5,3
1939,2863CA,5,5
1940,284307,5,3
1941,267178,2,4
1941,8001,3,8
1942,2843A8,2,6
1943,2916020015,4,6
1944,2125040801,2,8
1944,2912010002,4,9
1945,2702AY,2,3
1946,4917040005,1,4
1947,2213010301,3,3
1947,270226,5,8
1948,2126050201,3,3
1948,26558J,3,9
1949,2703AN,2,1
1949,466501,4,8
1950,270390,1,7
1951,2844A7,1,10
1952,270366,2,2
1953,2703A8,5,7
1953,284374,2,4
1954,26527G,2,5
1955,270290,2,8
1956,284595,5,1
1957,2845160000,2,2
1958,270150,1,4
1958,286022,4,1
1959,2843A8,1,5
1960,26548J,2,2
1961,2144020391,2,1
1962,2703B8,1,1
1962,2912010001,2,5
1963,2115020501,2,8
1964,270250,1,4
1965,266532,2,7
1966,267196,3,10
1966,270205,4,3
1967,2662A3,5,9
1968,2843620002,1,1
1969,276FDH,4,2
1969,8011,3,9
1970,2125040101,2,7
1970,270250,1,7
1971,2127023101,1,10
1971,270360,5,10
1972,4916040001,3,5
1973,26554G,1,6
1973,458496,1,7
1974,267012,4,10
1975,265429,4,4
1976,265228,2,4
1977,267047,5,3
1978,458345,5,5
1979,2703B5,5,4
1980,2841B7,1,9
1981,26554F,1,7
1982,8010,3,1
1983,2144020391,5,7
1984,2126040601,4,3
1985,267011,1,3
1985,284397,1,9
1986,2701AN,4,10
1986,2702AY,3,6
1987,2843080002,1,5
1988,26548N,4,3
1988,465281,1,6
1989,2844160000,4,9
1989,458143,5,9
1990,2845C4,2,4
1991,2915010002,2,1
1992,2703BD,3,10
1992,284202,4,2
1993,26548J,2,7
1993,276FDN,3,10
1994,2701AY,1,1
1994,270261,3,5
1995,270250,4,6
1996,26554F,4,8
1997,26522B,4,4
1997,270386,4,6
1998,267193,3,2
1998,270141,1,8
1999,270227,5,4
2000,266546,4,9
2001,284214,2,1
2001,284263,5,6
2002,267180,4,7
2002,2945000103,5,3
2003,266532,3,1
2004,2137020101,4,9
2004,26524I,3,10
2004,2917020006,3,6
2005,2701AN,2,3
2005,4585300002,4,4
2006,2662A7,3,7
2007,4127040201,1,6
2008,26552E,4,6
2008,267253,4,6
2009,266247,3,2
2009,267546,3,6
2010,2125040901,4,8
2010,267014,4,5
2011,267043,3,2
2012,284572,5,7
2013,458446,3,6
2014,2111011591,1,5
2014,2117024801,2,4
2015,2126030101,1,10
2016,284444,3,7
2016,4916040012,5,7
2017,270176,3,8
2018,26524I,5,9
2019,2116050101,5,6
2019,2211010301,2,3
2020,267473,3,4
2020,270130,4,5
2021,267325,4,8
2021,2702AZ,5,2
2022,2115010791,5,10
2022,2845960002,2,1
2023,2132020101,1,2
2023,284346,5,1
2024,2144022601,5,6
2025,267496,3,3
2025,4916040011,1,5
2026,26537H,3,7
2027,284040-2,3,3
2028,4126041391,3,2
2029,2842C7,2,4
2030,266517,5,10
2031,458350,2,8
2032,2147020301,3,1
2033,2843C3,1,6
2034,270268,3,4
2034,2917020006,4,3
2035,2125040301,4,10
2036,270206,2,10
2037,26512C,3,10
2038,265222,1,9
2038,2914010017,1,5
2039,267011,5,3
2040,2844C2,1,9
2041,270261,2,7
2042,2843S6,4,5
2043,2916010007,1,7
2044,270342,5,1
2044,2843C1,4,6
2045,270226,3,8
2046,270365,4,8
2047,2146020101,1,9
2047,270165,5,9
2048,458197,4,1
2049,2112021701,5,1
2049,2664A3,5,2
2050,267012,1,10
2050,276DKV,2,8
2051,265225,1,2
2051,458347,4,5
2052,26548J,2,1
2052,2845960002,2,8
2053,2703AE,3,4
2053,4915040005,5,8
2054,267212,2,1
2055,270261,5,3
2055,270294,2,2
2056,2915010012,3,10
2057,270190,4,1
2058,267394,5,9
2059,2147021601,3,1
2060,2112030801,3,3
2060,458437,1,8
2061,270205,4,3
2062,2702AN,3,2
2063,2213010301,3,9
2063,266546,1,10
2064,267496,3,7
2065,2117011301,4,4
2066,2115020501,5,4
2067,2703AY,5,3
2068,2126011101,2,5
2069,2652BE,1,8
2070,270383,5,3
2071,26544G,4,8
2071,267425,5,4
2072,267547,4,5
2073,266117,3,9
2074,286300,1,5
2075,266417,2,7
2076,2702A9,4,2
2077,2702B3,3,8
2078,2701B7,1,3
2079,267177,4,6
2080,270210,4,9
2081,4916040014,5,1
2082,2701AY,3,4
2083,267491,5,10
2084,265527,3,10
2085,2125020101,1,5
2085,2703C6,3,5
2086,2112020601,3,2
2087,284293,5,5
2088,2124030201,1,8
2089,2702AE,1,10
2090,2124024801,2,5
2090,265123,3,5
2090,270365,1,10
2090,4915040003,1,8
2091,2765TU,1,10
2092,2117021101,2,1
2093,284472,4,5
2094,284318,4,6
2095,2845A6,5,3
2095,286DW1,4,5
2096,267441,1,3
2097,2127023101,1,3
2097,267473,2,3
2097,296001,4,2
2098,2703BG,2,6
2099,2112030801,2,5
2099,2702A1,5,8
2100,4126041401,1,7
2101,2115020501,5,9
2101,2125040801,1,10
2102,26526N,3,10
2103,2135021901,3,7
2104,218310,4,7
2104,465262,3,8
2105,2114011201,3,1
2105,26552C,1,3
2106,2116020401,2,5
2106,26522B,3,1
2107,265326,4,4
2108,267148,2,5
2108,2702BG,5,2
2109,26548J,3,1
2110,458596,3,5
2111,2844A7,1,8
2112,2845B6,4,1
2113,270376,1,9
2114,2914010009,5,7
2115,270276,2,3
2116,266547,1,9
2117,458325,4,1
2118,2117020701,3,1
2118,2945000103,2,2
2119,2126020191,2,9
2120,267321,5,3
2121,267234,5,8
2122,2124030701,1,1
2123,270151,1,3
2124,2144022601,4,2
2125,265581,5,6
2126,266220,1,5
2126,458325,2,8
2127,267214,2,3
2128,2842B1,4,5
2129,267243,3,5
2130,270198,3,7
2130,418012,5,5
2131,2664A3,5,6
2132,286056,1,8
2133,2665AK,3,2
2134,2115020691,4,4
2135,2702A2,4,8
2136,26548J,4,10
2136,270250,1,3
2137,2127023201,1,9
2137,2703C4,4,1
2138,284126,1,5
2139,270360,5,10
2140,2126040591,4,5
2140,2701B2,3,10
2141,4137050201,2,5
2142,267581,5,4
2143,270253,2,7
2144,2117030391,2,10
2145,2842960002,2,1
2145,4916040010,1,1
2146,2701AN,2,4
2147,284444,2,3
2147,296002,5,4
2148,2137011601,4,10
2149,2126030201,5,5
2149,4126041391,3,4
2150,2843A7,3,9
2151,276EDL,3,8
2152,2701AF,3,10
2153,458436,5,6
2154,4127041601,1,7
2155,2111011591,2,1
2155,267245,2,4
2156,2703AR,4,2
2157,270263,5,6
2158,26527G,2,5
2158,284451,3,8
2159,2916021801,5,5
2160,2132020101,1,3
2160,2147020301,2,10
2161,265429,4,1
2162,458247,3,4
2163,2701AN,3,4
2164,2844C4,4,8
2165,2663A7,5,3
2165,267496,5,5
2166,2112010701,2,8
2166,2124022101,1,7
2167,2917010001,1,3
2168,267377,4,2
2169,27658U,3,4
2170,458496,1,8
2171,2702AZ,5,6
2172,2125024001,4,5
2172,267178,5,2
2172,2701BE,1,9
2173,2915020095,4,2
2174,2701AV,2,6
2175,2114010601,2,4
2175,267011,2,9
2176,267247,4,1
2177,26542B,1,3
2178,2115030501,3,7
2178,2703A8,5,3
2179,265581,2,5
2180,2126020191,4,6
2181,284344,4,8
2182,270145,3,5
2182,2841A6,4,10
2183,267473,4,5
2183,2865S4,1,1
2184,284125,3,3
2185,2115031091,1,3
2186,2115021301,2,7
2187,458205,2,4
2188,2701BG,3,3
2188,270276,5,4
2189,26522C,3,4
2189,466301,1,9
2190,286594,1,9
2191,2842A3,5,3
2192,4916040011,2,9
2193,2112030601,2,2
2194,2702AW,4,6
2194,418003,5,4
2195,4916040001,1,3
2196,2213013201,2,4
2196,458434,3,8
2197,2125022191,5,2
2197,266246,2,1
2198,286011,2,7
2199,4122041101,5,10
2200,270209,2,8
2201,2844S6,4,1
2201,458326,1,5
2202,2843C5,2,1
2203,465262,2,9
2204,2844160000,2,4
2204,458529,4,5
2205,270190,4,3
2206,2117020401,1,4
2207,2114021701,3,9
2207,270246,1,8
2207,2916210001,4,2
2208,2701B2,3,1
2208,2702BO,4,3
2208,286437,1,3
2209,270263,1,2
2210,270110,3,3
2211,276FDH,3,9
2212,270190,2,7
2213,267178,1,4
2214,2664AC,4,10
2214,2702BC,3,2
2215,266332,1,4
2215,458196,5,10
2215,458197,3,6
2216,2144020391,5,10
2216,270179,4,5
2216,4916040007,4,9
2217,265224,3,9
2217,267596,3,3
2218,267211,2,1
2219,458327,4,6
2220,2914010012,1,4
2221,267377,1,10
2222,270247,4,9
2223,284473,5,6
2224,26558J,3,7
2225,270202,5,6
2226,2112020601,1,4
2227,2145021601,4,4
2227,2701C4,4,7
2227,286022,4,7
2228,284250,2,3
2229,286A0D,5,6
2230,284302,4,1
2231,284109,1,9
2231,467301,1,2
2232,2126023191,4,9
2233,267581,5,5
2234,266474,3,8
2235,2915020013,2,6
2235,4127040401,1,2
2236,2115022201,1,10
2236,2917010006,5,10
2237,270320,5,9
2238,2702AI,5,2
2238,2915010006,2,3
2239,26544G,1,2
2240,267356,5,6
2240,284404,1,5
2241,284303,2,2
2242,284318,1,10
2243,267126,4,6
2244,2701AF,1,9
2245,2124023401,1,5
2245,26528J,5,10
2246,270350,2,6
2246,2703B5,3,8
2246,284193,2,2
2246,4126040401,3,7
2246,4916040009,5,9
2247,2112021201,5,4
2248,26522B,2,1
2249,2703AY,3,9
2250,267047,2,8
2251,2211010301,1,10
2252,26512E,2,2
2253,270453,3,10
2254,270382,3,7
2254,418201,4,9
2255,2842C6,2,10
2256,2842C4,2,2
2256,458434,5,9
2257,2124024091,1,9
2258,2842A1,2,10
2259,2132023703,4,1
2260,2116011201,5,1
2260,2703C5,4,2
2261,2147020301,1,4
2262,2702B7,1,2
2263,270271,5,1
2264,2844160000,2,9
2265,265229,5,7
2266,2114050101,4,7
2266,2144020201,3,6
2267,2843A9,5,2
2268,2115011301,5,5
2269,270385,1,8
2270,270326,3,7
2271,270399,4,9
2272,470201,2,2
2273,267492,1,6
2274,2765TU,1,5
2275,2127020401,1,4
2275,2842A5,3,4
2276,2211013101,1,3
2276,2662A3,1,2
2277,284374,2,1
2278,266246,3,9
2278,284101,2,2
2279,26524F,1,10
2280,270376,2,7
2281,2914020092,2,1
2282,267181,2,5
2283,284452,1,1
2284,458436,5,5
2285,2415070102,1,1
2285,270201,4,4
2286,2845C6,2,9
2287,270242,5,1
2288,2845A7,3,5
2289,267521,2,1
2290,284209,2,6
2291,2843B1,4,9
2292,2434000005,5,7
2293,26559M,3,10
2294,2702AW,2,7
2294,284141,2,10
2295,2844A4,4,1
2296,2844B5,3,2
2297,2117030391,2,2
2298,2125023391,5,10
2298,2914010011,3,8
2299,2702AE,5,6
2300,265527,5,10
2301,265527,3,9
2301,267251,4,10
2302,2415000107,3,10
2302,2703C4,4,8
2302,2844C4,2,2
2303,284303,2,2
2303,2868D8,3,1
2304,284444,3,3
2305,270391,2,6
2306,267278,3,4
2307,284504,4,10
2308,265222,1,10
2309,2843B8,1,5
2310,270112,3,6
2310,2845080002,2,5
2311,270263,4,5
2312,4127041801,1,6
2313,270138,3,6
2313,270343,5,6
2314,2126023391,2,8
2314,267593,3,1
2315,2702B5,3,10
2316,270365,4,8
2317,270110,5,9
2317,2702AE,2,6
2317,286056,2,1
2318,267496,1,10
2319,458148,1,7
2320,284426,4,1
2321,2843B8,3,3
2322,267045,5,1
2322,458329,1,8
2323,2701BL,4,8
2323,270363,4,4
2324,284145,4,1
2324,284344,2,9
2325,2212010191,3,6
2325,2865B4,1,1
2326,2915020095,1,10
2326,465281,4,8
2327,267148,2,7
2328,26526N,2,6
2329,458496,5,5
2330,26548J,3,2
2330,458197,1,8
2331,2915020017,5,4
2332,2843S2,4,5
2332,284503,4,9
2333,270297,2,3
2334,2703AY,2,7
2335,465261,2,9
2336,2145020801,1,8
2336,270130,3,3
2337,267402,5,10
2338,270289,4,10
2339,2662A4,5,8
2340,2115021301,2,3
2340,270203,1,2
2341,2213010201,1,1
2341,2844A6,4,3
2341,2915020013,2,7
2342,26528J,2,10
2342,4916040001,2,5
2343,2114021501,2,9
2343,26528J,3,6
2344,270199,5,1
2345,284297,5,2
2346,296002,3,1
2347,270274,5,3
2347,270283,5,2
2348,265581,4,3
2349,265326,4,2
2350,2703AE,3,3
2351,270357,4,3
2352,2702A8,5,3
2352,270366,2,1
2353,2843A8,1,5
2354,2415000110,2,9
2354,2415070102,4,6
2355,4916040010,4,7
2356,2843C8,5,5
2357,26522A,3,2
2358,265229,3,6
2359,2917030801,4,3
2360,2124030201,1,6
2360,270165,3,4
2360,2916210002,3,4
2360,458248,4,3
2361,270326,2,4
2361,2767JU,4,3
2362,270358,5,10
2363,265325,5,6
2364,267178,3,5
2365,2415070102,3,10
2366,26522A,4,6
2366,270340,3,5
2367,267448,4,1
2368,2115020691,3,7
2368,2115021701,5,9
2369,2124023201,1,6
2369,267342,3,8
2370,2137020101,4,2
2371,2144020201,4,10
2372,2112021301,3,9
2373,270365,3,6
2374,2126022101,1,1
2375,270133,2,7
2376,2914020013,2,9
2377,2213010301,5,2
2377,4125041801,5,10
2378,267180,4,1
2379,270355,2,4
2380,26513D,3,3
2380,266220,3,7
2381,2115030301,3,1
2382,267121,3,8
2382,2703AG,5,7
2383,267177,4,4
2384,2125023101,3,7
2385,2914020016,4,6
2386,458202,2,7
2387,2702C6,3,5
2387,400101,4,4
2388,458550,4,7
2389,270380,5,8
2390,267011,2,6
2391,265123,3,6
2391,2702BE,1,9
2392,2702BG,1,1
2392,286DK1,5,8
2392,2912020003,2,7
2393,267553,4,8
2394,267122,3,10
2395,270251,1,3
2396,2147020801,4,5
2396,270153,3,1
2397,284126,5,4
2397,284348,4,6
2397,4122041101,4,1
2398,2662A7,1,8
2399,2703AE,3,6
2399,2865PD,5,4
2400,2701AE,3,3
2401,2664A7,4,1
2402,284441,3,2
2403,2115024801,2,10
2403,2131020001,4,10
2404,270336,2,2
2405,2843B8,5,10
2406,2116030691,1,7
2407,2132010906,3,9
2407,2147020401,4,10
2407,26524I,3,7
2408,2144021691,4,9
2408,2662A3,2,5
2409,267042,2,3
2410,270269,4,7
2411,2706AU,5,3
2412,270226,5,9
2412,276FDH,1,7
2413,284341,1,3
2414,2843S1,2,1
2415,2912010001,2,9
2416,267546,3,6
2417,270130,3,6
2418,270104,5,9
2419,265481,4,7
2419,266546,2,3
2420,284444,1,8
2421,267496,3,5
2421,270395,2,5
2422,2843A8,1,3
2423,2126030491,2,9
2423,267233,5,9
2424,270230,3,9
2425,2701AE,2,6
2425,2915030002,5,6
2426,2112020601,3,7
2426,2126022101,1,2
2427,458201,2,10
2428,2125022191,5,7
2429,2702A3,2,8
2429,2702AP,3,4
2430,2844B6,1,3
2431,2137011601,2,10
2432,266532,5,5
2433,2127041101,1,7
2434,2664A3,5,10
2435,286056,1,7
2436,2211010591,1,4
2437,276JDG,4,7
2438,2702A2,4,6
2438,2703C1,3,10
2439,458526,4,8
2440,2917030801,4,10
2441,270103,1,10
2442,2702B5,3,9
2443,2115020401,4,7
2444,270389,4,3
2445,2702BG,3,9
2445,418301,5,2
2446,267213,2,3
2447,2915020095,3,9
2447,418008,5,6
2448,270333,2,10
2449,2213013991,3,2
2449,26556N,2,9
2450,267121,4,1
2451,2112030601,2,1
2451,265224,1,6
2451,26554F,3,5
2451,276FDH,3,2
2452,26552A,2,2
2453,270350,1,8
2454,270210,1,9
2455,270301,4,5
2455,2865B4,3,7
2456,2842A8,2,8
2457,267545,4,3
2458,270246,1,8
2459,2147022301,2,7
2460,270279,4,10
2461,270347,4,1
2462,2701C6,3,5
2463,267180,4,6
2464,2114021501,2,6
2465,2114024801,2,9
2466,2126022401,1,2
2467,4126041391,3,9
2468,2914010020,5,3
2468,458396,2,1
2469,2112020501,5,2
2470,2701AN,2,8
2471,267496,4,1
2472,2703AZ,3,8
2473,458147,5,5
2474,2114021201,2,9
2474,2843C3,1,8
2475,2125022191,4,2
2475,270220,4,4
2476,270247,2,4
2477,2144022601,3,5
2477,2147022601,2,5
2478,4915040002,5,4
2479,2147020401,4,9
2479,267126,1,4
2480,2914010010,1,2
2480,296001,3,3
2481,284545,3,2
2482,2115030301,3,6
2482,267342,5,8
2483,26504C,4,1
2483,265225,3,3
2483,270138,5,5
2484,270110,2,5
2485,458047,5,2
2486,266532,1,5
2487,2863CB,5,6
2488,2701AI,5,4
2489,284550,2,4
2490,2132020101,2,8
2490,2147020401,2,5
2491,2115023601,3,8
2491,2703B3,3,2
2492,267042,2,2
2493,2126040591,4,5
2494,2116030301,5,10
2494,267011,2,4
2495,266446,5,1
2496,2147020301,2,5
2497,276FDH,5,1
2497,284248,5,3
2498,458201,2,4
2499,26554G,4,9
2499,267579,3,7
2500,270165,1,2
2501,2125030101,1,8
2501,267012,2,10
2501,458101,1,3
2502,2703BE,1,3
2503,2701BL,4,4
2504,267339,2,8
2505,2916020013,2,4
2506,4916040018,4,4
2507,265427,1,7
2507,26552E,4,10
2508,270116,2,7
2509,267342,3,9
2510,267496,1,6
2510,270249,3,1
2511,266346,4,8
2512,2116020501,2,3
2512,284126,5,2
2512,418008,5,3
2512,458450,1,5
2513,270139,1,6
2514,265229,3,3
2514,270253,1,4
2514,270384,4,3
2514,2703AY,2,4
2515,213006,5,1
2516,284193,2,2
2517,26544G,4,3
2517,270161,1,4
2518,2844C8,4,4
2519,2127050101,1,8
2520,458305,2,2
2520,458546,3,6
2521,2125020501,4,10
2522,284196,3,2
2523,267342,2,1
2524,284398,4,3
2525,26522E,3,2
2525,2843S6,4,8
2526,267492,1,8
2527,267045,4,5
2527,276DKV,2,10
2527,284140,5,7
2528,265529,4,5
2529,270313,3,9
2530,267377,1,9
2531,2702AQ,3,7
2531,270317,5,10
2532,26504C,5,7
2532,267277,3,7
2532,2916010004,1,2
2533,286594,4,2
2534,2112030601,4,2
2535,26504C,1,4
2536,266446,5,10
2537,270206,4,6
2538,2127023101,1,1
2539,2144020101,4,9
2540,267534,5,2
2541,270153,4,2
2542,2114021101,2,7
2542,2911010001,3,9
2543,2842A9,2,8
2544,284126,1,1
2545,2136011602,1,9
2546,2124020301,1,8
2547,284040-1,4,6
2548,270376,1,9
2549,270153,3,9
2550,270206,4,1
2550,284295,5,1
2551,270185,1,4
2552,2703BG,4,4
2552,2843A2,5,6
2553,2117022201,3,8
2554,284524,5,3
2555,2665AK,2,1
2556,270362,2,1
2557,2915010006,2,5
2558,2415070102,4,5
2558,2702A9,4,8
2559,270297,2,7
2560,2112021801,2,2
2560,2135000001,2,2
2561,2116020401,2,7
2561,267542,4,7
2562,2702B7,1,6
2563,284109,2,4
2564,2126023391,2,3
2565,2125040101,5,2
2565,270125,4,3
2566,2844S5,2,9
2566,4126041801,1,9
2567,2144020401,5,5
2567,267356,5,8
2568,2125040101,1,7
2569,284325,5,4
2570,2702BF,3,2
2571,2131000001,4,8
2572,267401,1,1
2573,265229,1,2
2574,270233,2,10
2575,2115010601,2,7
2575,2703BG,5,6
2576,2703AR,2,1
2577,2701BG,5,7
2577,2703AN,2,5
2578,2114020291,3,2
2579,267217,3,5
2580,2662A3,4,10
2580,2845C5,2,5
2581,2701AA,4,5
2582,4917040005,1,4
2583,2702A7,4,7
2584,26548J,2,5
2585,2144021691,1,5
2586,2144022601,3,4
2587,26552D,5,5
2588,267578,3,10
2588,284109,2,2
2589,26514F,1,3
2590,267594,5,10
2591,265226,5,5
2592,270150,5,10
2592,270238,1,2
2593,2917030001,3,1
2594,2134020101,5,1
2595,267322,2,7
2596,265122,3,6
2596,270320,1,6
2597,2132010906,3,2
2598,2662A7,2,7
2599,265229,3,9
2600,26552E,5,7
2601,284526,4,5
2601,458197,4,10
2602,26513A,3,1
2603,2125040491,1,1
2603,2126040601,4,7
2603,270151,1,9
2604,2213014201,4,5
2605,2144022601,2,10
2605,267333,2,5
2605,458147,5,2
2606,2843B4,1,6
2607,2135021901,3,6
2608,270279,4,3
2609,2865S4,1,3
2610,2125040901,3,5
2611,284142,5,7
2612,2115011501,5,9
2612,267213,2,10
2613,4135050201,5,4
2614,2915020090,3,8
2615,2912010001,2,6
2616,270328,4,10
2617,2147020201,1,3
2618,2144020101,5,2
2619,266246,1,2
2619,270226,2,8
2620,267451,4,3
2620,2843B8,5,1
2621,458539,4,6
2622,2126023191,1,9
2623,284145,3,7
2623,2867AE,1,4
2624,2702BG,2,7
2624,2845C8,2,8
2625,270150,3,4
2625,458438,5,10
2626,284506,5,3
2627,2111023601,5,2
2627,267178,1,5
2628,2115023601,3,1
2629,265124,5,10
2630,2124020301,1,1
2630,2845B4,4,2
2631,270215,5,2
2632,270390,2,1
2632,284372,1,4
2632,296002,2,4
2632,4916040017,4,3
2633,2115020691,3,2
2634,2112020401,3,7
2634,4126041801,3,6
2635,270290,3,8
2636,276EDL,3,4
2636,2845S4,4,6
2637,267321,3,1
2638,2115021301,2,3
2638,2915010098,1,1
2639,2125020101,1,3
2639,458345,5,8
2640,266520,2,5
2641,26524F,4,10
2642,2147022301,1,8
2642,265226,5,6
2642,266274,3,8
2642,270338,4,2
2643,270384,4,3
2644,2125022191,3,7
2645,2125024001,2,8
2645,26522C,3,1
2645,270138,4,10
2645,2914010097,5,10
2646,267177,4,7
2646,4125041801,5,6
2647,418011,5,9
2648,270137,2,1
2648,284452,1,2
2649,265481,5,4
2649,2703AY,3,10
2650,2136011602,2,9
2651,2415000107,1,2
2652,2701AN,5,3
2653,2125040101,3,4
2653,270264,4,3
2654,2126023391,2,8
2655,4122041101,3,5
2656,2147022301,2,2
2656,270293,1,7
2657,265528,4,4
2657,458101,5,3
2658,265222,1,7
2659,286CCG,4,1
2660,267045,3,7
2661,284444,4,9
2662,270138,2,1
2663,266574,3,5
2664,2701AB,1,9
2665,270399,5,4
2666,2144020401,5,6
2666,2915030002,5,6
2667,2144020391,3,3
2668,2911010001,3,4
2668,458346,1,1
2669,2703AY,2,3
2670,267345,4,7
2670,2844930002,3,6
2671,4916040018,2,10
2672,2767JU,5,1
2672,2844S2,4,7
2673,2945000103,3,5
2674,4916041701,4,1
2675,26554F,1,8
2676,2703A7,4,7
2677,284206,5,5
2678,2125024801,3,8
2679,2124021091,1,10
2680,286056,4,9
2681,270190,3,8
2682,2117050201,4,4
2683,284496,4,10
2683,2917010004,4,3
2684,267245,2,6
2685,270139,1,8
2686,267296,3,4
2687,267543,3,2
2688,266346,4,2
2688,267042,3,8
2688,2702AY,3,6
2689,284306,1,3
2690,2112020401,3,3
2690,270361,5,2
2691,2703AR,4,5
2691,458347,4,1
2692,265481,3,5
2693,2915010004,2,6
2694,26522A,4,7
2694,267554,4,4
2695,270230,4,9
2696,286ECD,2,8
2697,465281,1,10
2698,2844B5,4,1
2698,2911020003,2,5
2698,4136050291,4,10
2699,2703B5,1,4
2700,4122041101,5,3
2701,2136021901,1,10
2701,2662A4,2,1
2702,2117021101,2,5
2703,266132,3,6
2704,2115030901,1,7
2705,267547,4,6
2706,2144022301,4,6
2707,2137020101,2,7
2708,267107,2,8
2708,270126,1,6
2708,4127041501,1,10
2709,266320,4,4
2710,270258,5,5
2711,2916010007,4,6
2712,284507,5,7
2713,266232,2,9
2713,2843A2,4,9
2714,2703A5,2,2
2715,2117020201,3,10
2715,2136020101,2,3
2716,270126,1,9
2717,284346,5,8
2718,284318,3,9
2719,2701AF,4,2
2720,2124021091,1,5
2721,458395,4,9
2722,26548J,5,3
2723,270358,5,3
2724,284303,2,10
2725,267126,2,4
2726,2125024001,2,2
2727,2114020391,3,7
2728,2844160000,3,6
2728,466501,3,4
2729,458248,4,8
2730,267012,2,3
2730,267491,5,5
2730,2915010019,5,10
2731,2126040301,5,9
2732,2912010003,4,4
2733,284499,4,5
2734,270253,2,6
2735,270242,5,9
2736,2914020003,4,8
2737,2125030201,2,2
2737,270153,5,8
2738,458436,5,6
2739,2147021601,1,3
2739,267179,4,2
2740,284496,4,6
2741,465281,5,3
2742,26527H,1,8
2742,2845C4,2,7
2743,267173,5,5
2744,26558J,2,1
2744,2844A1,3,9
2745,270164,4,5
2746,2703BO,4,8
2747,270376,2,9
2747,465261,2,4
2748,2125024001,1,3
2748,458395,2,5
2749,267241,3,3
2749,2844B5,4,4
2750,267021,2,4
2751,270365,3,6
2752,270150,2,2
2753,2116011201,5,2
2754,2702B2,3,5
2755,2865S4,1,2
2756,270330,4,2
2757,2916210001,3,4
2758,2115031091,1,5
2759,267441,2,2
2760,2702AQ,3,10
2761,2703BC,3,8
2761,2914020092,2,10
2762,2844B5,2,4
2763,2841B7,1,5
2764,458202,2,3
2765,2213012401,1,2
2766,296384,4,10
2767,2843B5,3,4
2768,2112030801,4,3
2768,458432,1,5
2769,265226,5,4
2769,2842B6,4,2
2769,2844B5,3,8
2770,26554F,2,5
2770,266246,2,7
2770,2917021801,3,3
2771,270230,5,5
2772,270243,5,6
2773,26515L,3,9
2774,418301,5,9
2775,2701BN,1,9
2776,2125020401,2,2
2776,2844A9,3,10
2777,26552D,5,8
2778,2845160000,2,9
2779,270342,5,7
2780,270330,4,1
2781,2701A4,1,7
2781,458350,1,5
2782,26518J,5,1
2783,2134020101,1,4
2783,26527H,5,3
2783,2945000108,4,2
2784,284313,1,4
2785,26558J,5,3
2786,2116020201,3,7
2787,2112030601,2,2
2787,267126,2,3
2788,284217,2,7
2789,2127023391,1,9
2789,26512C,1,2
2789,265527,4,7
2790,267278,3,3
2791,2701AV,3,10
2792,26542D,4,1
2792,266247,5,4
2793,2116024891,1,7
2793,2132023703,4,3
2794,2862Y3,1,10
2795,267148,3,4
2795,276FDN,5,8
2796,26522B,5,8
2797,26544G,2,8
2798,2117030901,4,3
2799,265128,2,1
2799,2701AQ,3,9
2800,2914010004,2,7
2801,284348,4,1
2801,4137050201,3,5
2802,2115020501,3,7
2803,267421,3,6
2804,26548J,2,2
2804,270126,3,6
2805,276FFL,4,10
2806,4916040010,2,8
2807,2702BG,2,5
2808,267042,1,3
2809,2845B8,3,5
2810,270154,1,3
2811,2111011591,2,4
2811,270194,2,6
2812,26534F,5,8
2812,265481,2,10
2813,2126020401,5,1
2814,2212012301,1,9
2815,2147022601,1,4
2816,270122,5,7
2816,270349,3,5
2817,4916040018,5,4
2818,2116011301,2,10
2818,2844B5,1,10
2819,26524I,2,4
2819,26558J,1,4
2820,2212010301,1,9
2820,2915020017,5,2
2820,458434,4,7
2821,466501,4,1
2822,2126023191,5,1
2823,2115020691,5,6
2823,270199,3,2
2824,270398,3,9
2825,2701AV,4,6
2826,2134020101,1,2
2827,458526,4,8
2828,2701A1,5,1
2829,267102,2,5
2830,2145021601,4,6
2831,2844C7,3,6
2832,270128,4,7
2832,284350,3,1
2833,2114020391,3,9
2834,266574,5,7
2835,2703A2,4,6
2835,2916210001,2,10
2836,266420,3,3
2837,276F8N,2,2
2838,284302,1,3
2839,26528J,5,7
2840,418008,5,10
2841,458395,4,6
2842,2665AK,3,4
2842,2702AE,2,4
2843,267294,5,7
2843,270236,2,8
2844,270121,5,2
2845,284573,3,3
2846,270257,4,4
2846,2703B5,2,5
2847,4127041801,1,3
2848,267154,5,5
2849,270257,4,6
2850,270247,2,8
2851,270347,5,4
2852,2843S5,1,5
2853,2115030101,4,7
2853,2917020006,1,10
2854,2147020201,5,6
2855,2115023601,3,8
2856,270247,3,9
2857,270238,5,7
2857,2702B6,3,8
2858,2916010002,3,5
2859,267546,3,1
2859,2702A8,5,1
2860,266246,4,1
2860,2917021701,3,2
2861,2914020013,3,9
2862,270453,3,3
2863,284145,2,2
2864,4125041801,5,2
2865,267441,3,6
2865,284196,5,6
2866,2115023601,2,6
2867,2125024801,3,1
2868,458205,2,1
2869,267202,3,9
2869,267334,5,5
2870,2702C6,3,10
2871,267221,2,10
2872,26544G,5,4
2873,2127020191,1,9
2874,2916010008,5,6
2875,2127022101,1,2
2875,2127040901,1,3
2876,2212010301,3,7
2877,2125023401,3,6
2878,2124022101,1,8
2878,270138,5,8
2879,2844S3,1,5
2880,267321,1,7
2880,284546,3,10
2881,2114021101,2,9
2882,2415070102,1,6
2882,267012,3,3
2883,267045,3,2
2884,270193,1,10
2885,2916020093,1,5
2886,2144020391,3,7
2887,270365,1,4
2888,2117020501,1,1
2889,267121,2,3
2889,267545,4,8
2890,2652BE,4,3
2891,2132023703,3,1
2892,2127050201,1,10
2893,2116011301,2,7
2894,2111011591,4,7
2894,2415000110,2,8
2894,2915210008,5,6
2895,2701AM,4,10
2895,2914030002,3,3
2896,265225,1,1
2897,2144020101,4,6
2898,2146022301,4,8
2898,267378,3,1
2898,284593,5,7
2899,2146022301,4,7
2899,267505,2,10
2900,270126,4,9
2900,2701BP,1,7
2900,2911020003,5,1
2901,2112030601,5,2
2902,26552E,3,6
2902,284106,3,10
2903,284143,1,3
2904,2702AE,4,4
2904,2843C2,3,10
2904,458297,3,2
2905,2144022601,2,2
2906,2125030701,5,4
2907,2914020092,2,6
2908,284101,2,5
2909,2703AR,5,10
2910,2112020401,3,5
2910,284204,4,1
2911,26554G,2,1
2911,267391,2,5
2912,284306,1,4
2913,270390,2,1
2914,2213013101,1,4
2915,2843S1,5,5
2916,2126022501,3,4
2916,4916040009,4,9
2917,284372,1,1
2918,267592,4,5
2919,2915010021,1,9
2920,267277,3,10
2921,2703B5,3,5
2922,2914020092,4,4
2923,2916210001,3,9
2924,2844S3,1,6
2925,270145,3,8
2926,2112040001,4,2
2927,2915020013,2,3
2928,270310,1,5
2929,2135021901,3,9
2930,2914210009,4,1
2931,270363,1,8
2932,2665A7,5,1
2933,2127050101,1,4
2934,2147022301,4,3
2934,267121,3,8
2935,270398,3,3
2936,2845A6,5,3
2937,2126020401,5,10
2937,284393,3,7
2938,4916040012,5,6
2939,270230,3,6
2940,2663A7,4,3
2941,26522C,4,5
2941,270206,4,6
2942,4137050201,3,1
2943,2211012301,1,6
2943,2703B8,1,8
2944,2843B8,4,1
2945,2115023601,1,8
2945,4122041101,4,1
2946,2765AU,3,8
2947,270320,2,10
2948,465281,3,1
2949,267441,5,9
2949,267446,1,8
2950,2701AH,3,6
2950,458147,3,4
2951,2114011301,4,7
2951,2125023101,3,9
2952,270110,2,1
2953,267279,3,1
2954,4136050291,4,8
2955,2415070102,5,6
2955,2703B5,4,8
2956,2662A4,4,3
2957,2127023401,1,10
2958,284494,3,6
2959,2662A4,3,4
2960,2115020501,1,4
2961,284372,4,10
2962,2126040291,2,2
2962,2915020095,2,8
2963,267441,3,4
2964,265321,4,5
2965,2112021301,3,8
2966,2127040301,1,8
2967,2845B3,2,5
2968,2212010501,1,7
2969,458350,2,8
2970,284506,5,3
2971,4916040011,3,10
2972,267014,4,9
2973,284108,3,1
2973,284141,2,9
2974,267501,4,8
2975,265125,2,7
2976,270340,3,6
2977,2701BI,3,2
2978,2914020003,2,1
2979,2125023101,1,10
2980,267334,5,4
2981,2116021291,5,7
2981,2702AE,1,10
2982,267425,5,3
2983,2115031091,2,8
2983,458196,1,2
2984,466501,2,5
2985,2702B4,3,10
2986,267122,3,8
2986,270297,2,7
2987,2116021291,5,8
2988,284106,2,6
2989,270190,4,7
2990,270188,5,10
2991,2144020391,5,10
2991,284192,4,1
2992,284146,2,9
2993,270390,2,7
2994,2842C3,4,3
2995,2845S5,5,6
2996,270175,2,7
2996,458249,5,3
2997,270290,1,2
2998,2137020101,1,9
2999,2665A7,3,5
3000,270350,4,7